Street,City,Country
Boulevard Général Jacques ,Brussels,Belgium
Rue d'Astorg,Paris,France
Rue Dupont,Brussels,Belgium
Rue de Madrid ,Paris,France
Eiermarkt,Antwerp,Belgium
Meir,Antwerp,Belgium
Kipdorp,Antwerp,Belgium
Oberweimar,Weimar,Germany
,Antwerp,Belgium
Kingsway,London,United Kingdom
,Pommeroeul,Belgium
Rue de Spa,Brussels,Belgium
Rue Stephanie,Brussels,Belgium
Rue de la Limite,Brussels,Belgium
Golzern,Grimma,Germany
,Darmstadt,Germany
Rue Renkin,Brussels,Belgium
Moonsstraat,Antwerp,Belgium
,Leeuwarden,Netherlands
Rue des Riches Claires,Brussels,Belgium
Great Eastern Street,London,United Kingdom
Johanniswall,Hamburg,Germany
Kingsway,London,United Kingdom
Holzhausen,Leipzig,Germany
Avenue de l'Exposition,Brussels,Belgium
,Mannheim,Germany
,Seneffe,Belgium
,Antwerp,Belgium
,Mannheim,Germany
,Dahlen,Germany
Prinzregentenstrasse,Munich,Germany
Rue de la Consolation ,Brussels,Belgium
Rue du Mail ,Brussels,Belgium
,London,United Kingdom
Rue Reamur ,Paris,France
Veldstraat,Antwerp,Belgium
Friedrichstrasse,Berlin,Germany
,Frankfurt,Germany
,Chimay,Belgium
,Turnhout,Belgium
,Ampsin,Belgium
Rue Adolphe Lavallee,Brussels,Belgium
,Ludwigshafen ,Germany
Kamekostrasse,Cologne,Germany
,Wroclaw,Poland
,Kempten,Germany
Mülheim,Cologne,Germany
,Bad Neuenahr-Ahrweiler,Germany
Tertre,Saint-Ghislain,Belgium
Bouffioulx,Chatelet,Belgium
Place des Bienfaiteurs,Brussels,Belgium
Rue des Celestines ,Liege,Belgium
Kronenburgstraat,Antwerp,Belgium
Rue d'Astorg ,Paris,France
Hutton Road ,London,United Kingdom
Mittelstrasse,Berlin,Germany
,Accrington,United Kingdom
Moulin Rouge,Jura,France
Saint-Rambert-d’Albon ,Drome,France
Le Vigan,Gard,France
Rue Colbert ,Marseille,France
Rue de Richelieu ,Paris,France
Cannon Street ,London,United Kingdom
,Kirchberg ,Switzerland
Rue des Chartreux,Brussels,Belgium
Verdussenstraat,Antwerp,Belgium
,Chemnitz,Germany
,Brussels,Belgium
Wülfel ,Hannover,Germany
,Brussels,Belgium
,Schiedam,Netherlands
Rue de Paris,Charenton-le-Pont,France
,Giessen,Germany
,Andernach,Germany
,Côte d’Or,France
Rue de Laeken,Brussels,Belgium
Stationweg,Rotterdam,Netherlands
Route de Florissant ,Geneve,Switzerland
,Chimay,Belgium
Korte Clarenstraat,Antwerp,Belgium
Rue Stephenson ,Brussels,Belgium
,Munich,Germany
,Brussels,Belgium
,Albany,United States
Mare Street  Hackney,London,United Kingdom
,Brussels,Belgium
Rue des Pierres ,Brussels,Belgium
,Pittsburgh,United States
Avenue des Champs-Élysées ,Paris,France
,Courbevoie,France
,Villeneuve-la-Garenne,France
Via Giorgio Giulini,Milan,Italy
Chaussée d’Anvers ,Brussels,Belgium
 Avenue Louise,Brussels,Belgium
Upper Thames Street ,London,United Kingdom
,Amersfoort,Netherlands
,Winschoten,Netherlands
Rue Ballu ,Paris,France
Rue Rogier ,Brussels,Belgium
empart des Moines ,Brussels,Belgium
,Marseille,France
Queen Victoria Street  ,London,United Kingdom
,Tornesch,Germany
Melle,Deux Sevres,France
Celles-sur-Belle,Deux Sevres,France
Terranjou,Maine-et-Loire ,France
Nottastrasse,Zürich,Switzerland
,Dessau-Rosslau ,Germany
Stromstrasse,Düsseldorf,Germany
Wilhelmsburg ,Hamburg,Germany
Gonzagagasse,Vienna,Austria
Vítkovice ,Ostrava,Czech Republic
Idol Lane ,London,United Kingdom
,Schoonaarde,Belgium
Cannon St & College Hill,London,United Kingdom
Avenue Rogier ,Brussels,Belgium
Aeschenvorstadt,Basel,Switzerland
Eidelstedt,Hamburg,Germany
,Brussels,Belgium
,Konstanz,Germany
Adlershof,Berlin,Germany
Vinohrady ,Prague,Czech Republic
Miesnieku iela ,Riga,Latvia
Roodestraat,Antwerp,Belgium
,Winschoten,Netherlands
Rue Franz Merjay,Brussels,Belgium
Acton Lane  Chiswick ,London,United Kingdom
Rue Dupont,Brussels,Belgium
Rue Lairesse,Liege,Belgium
Haine-Saint-Paul ,La Louviere ,Belgium
Hardt,Radevormwald,Germany
Lüttringhausen,Remscheid,Germany
Haine-Saint-Paul ,La Louviere ,Belgium
Rue du Progres,Brussels,Belgium
Rue de Ribaucourt,Brussels,Belgium
Lijsterstraat  Schoten,Antwerp,Belgium
,Nuremberg,Germany
Jan Stasstraat,Leuven,Belgium
Cuylitsstraat,Antwerp,Belgium
Groenplaats,Antwerp,Belgium
Rue Ducale,Brussels,Belgium
Rue du Choeur,Brussels,Belgium
Manessestrasse,Zürich,Switzerland
Richard Wagner Platz  Charlottenburg,Berlin,Germany
Genter Strasse,Cologne,Germany
Rue Vilette,Liege,Belgium
,Augsburg,Germany
Berchem-Sainte-Agathe,Brussels,Belgium
Gentsesteenweg,Brussels,Belgium
,Gotha,Germany
Haspe,Hagen,Germany
,Griesheim,Germany
Square Gutenberg,Brussels,Belgium
,Ulm,Germany
Rue du Midi,Brussels,Belgium
Wellington Street,London,United Kingdom
Rue Bosquet,Brussels,Belgium
Stresemannstrasse,Berlin,Germany
,Bonn,Germany
,Lier,Belgium
,Ghent,Belgium
Anselmostraat,Antwerp,Belgium
Alte Jakobstrasse,Berlin,Germany
Rue Saint-Merri,Paris,France
Laubegast,Dresden,Germany
 Rue de Merode,Brussels,Belgium
Rue Antoine Dansaert,Brussels,Belgium
Eikenstraat,Antwerp,Belgium
Rue du Lombard,Brussels,Belgium
,Dresden,Germany
Dresdener Strasse ,Berlin,Germany
Heynstrasse,Berlin,Germany
Rechtestraat,Lier,Belgium
Franklin Rooseveltlaan,Vilvoorde,Belgium
Kreuzstrasse,Berlin,Germany
,Langelsheim,Germany
,Dresden,Germany
,Reading,United Kingdom
,Teutschenthal,Germany
,Magdeburg,Germany
Rue Auguste Gevaert,Brussels,Belgium
,Blaydon,United Kingdom
Chemin des Pins,Chazelles-sur-Lyon,France
Smithy Bridge,Littleborough,United Kingdom
,Valence,France
,Pont-Sainte-Maxence,France
,Épinay-sur-Seine,France
Calle de la Marina,Barcelona,Spain
,East Saint Louis,United States
,Neuilly-sur-Seine,France
Rue Notre-Dame-de-Nazareth,Paris,France
Rue de Courcelles,Reims,France
Rue Saint-Alban,Lyon,France
Rue Sainte-Croix-de-la-Bretonnerie,Paris,France
Rue Duquesnoy,Brussels,Belgium
,Hamburg,Germany
Boomgaardstraat,Antwerp,Belgium
Grünau,Berlin,Germany
Neukölln,Berlin,Germany
Pasaje Carlos Haes,Malaga,Spain
Rue des Deux-Boules,Paris,France
Lange Boomgaardstraat,Ghent,Belgium
Rue de Fragnée,Liège,Belgium
Boulevard Charles-de-Gaulle,Sannois,France
,Tournai,Belgium
,Velten,Germany
Rue Potagère,Brussels,Belgium
Boulevard Anspach ,Brussels,Belgium
Boulevard du Régent,Brussels,Belgium
,Dresden,Germany
,Crimmitschau,Germany
Niedersachswerfen,Harztor,Germany
Rue du Transvaal,Brussels,Belgium
,Hagen,Germany
Rue Rubens,Brussels,Belgium
,Châtelet,Belgium
Rue du Mail,Brussels,Belgium
,Ahnsen,Germany
Rue du Midi,Brussels,Belgium
,Dresden,Germany
Fellnerstrasse,Frankfurt,Germany
Avenue Huart Hamoir,Brussels,Belgium
Richelsdorf,Wildeck,Germany
Boulevard du Midi,Brussels,Germany
Spitalerstrasse,Hamburg,Germany
Godliman Street,London,United Kingdom
Bush House  Aldwych,London,United Kingdom
Lange Nieuwstraat,Antwerp,Belgium
Sankt Andreasberg,Braunlage,Germany
,Frankfurt,Germany
Kammenstraat,Antwerp,Belgium
Avenue de l’Observatoire,Liège,Belgium
Langstraat,Antwerp,Belgium
,Leipzig,Germany
,Dresden,Germany
,Stuttgart,Germany
,Dresden,Germany
,Berlin,Germany
Place du Parc,Liege,Belgium
,Sclessin,Belgium
,Hamoir,Belgium
Osystraat,Antwerp,Belgium
Passages des Petites Écuries,Paris,France
,Bergisch Gladbach,Germany
Rue de l’Hermitage,Brussels,Belgium
Rue Saint-Gervais,Lyon,France
Rue de la Bourse,Brussels,Belgium
Rue des Chartreux,Brussels,Belgium
Quai de Valmy,Paris,France
Schandauer Strasse,Dresden,Germany
Rue de Clichy,Paris,France
Lange Van Ruusbroecstraat,Antwerp,Belgium
,London,United Kingdom
Rue de Jupille,Liège,Belgium
,London,United Kingdom
Place de la Bourse,Brussels,Belgium
Sterlingerstraat,Antwerp,Belgium
Jemappes,Mons,Belgium
,Basel,Switzerland
,Hunungue,France
,Monthey,Switzerland
,Saint-Fons,France
Avenue Eugène Demolder,Brussels,Belgium
Boulevard Adolphe Max,Brussels,Belgium
,Lodelinsart,Belgium
Spondon,Derby,United Kingdom
,Motherwell,United Kingdom
,Huddersfield,United Kingdom
Aachen,Cologne,Germany
Rue Pavillon,Marseille,France
 Montredon,Marseille,France
,Agde,France
,Indianapolis,United States
Neuer Wall,Hamburg,Germany
Rue du Tivoli,Brussels,Belgium
Horton Road,Colnbrook,United Kingdom
Kaemmererufer ,Hamburg,Germany
,Düren,Germany
Potsdamer Strasse,Berlin,Germany
,Reinsdorf,Germany
,Coswig,Germany
Sythen,Haltern am See,Germany
Sinsen-Lenkerbeck,Marl,Germany
,Urdorf,Switzerland
,Eilenburg,Germany
Rue Renkin,Liège,Belgium
Boulevard du Régent,Brussels,Belgium
Rue des Quatre Bras,Brussels,Belgium
Groendreef,Ghent,Belgium
Linden-Limmer,Honover,Germany
Avenue de Cortenberg,Brussels,Belgium
Klotzsche,Dresden,Germany
Heidi-Kabel-Platz,Hamburg,Germany
,Wroclaw,Poland
Boulevard Adolphe Max,Brussels,Belgium
,Heidenheim an der Brenz,Germany
,Dresden,Germany
Avenue Ducpétiaux,Brussels,Belgium
Rue de Laventie,Lille,France
,Halle,Germany
Broad Street,Boston,United States
,Vienna,Austria
,Roucourt,Belgium
Rue d’Hautpoul,Paris,France
Place des Martyrs,Brussels,Belgium
Sint-Jacobsmarkt,Antwerp,Belgium
Rosenthaler Strasse,Berlin,Germany
Harp Lane,London,United Kingdom
Hale End,London,United Kingdom
Rue de Fiennes,Brussels,Belgium
,Neuss,Germany
Leuvehaven,Rotterdam,Netherlands
,Dessau-Rosslau,Germany
,Élouges,Belgium
Rue de la Brasserie,Brussels,Belgium
Rue de la Régence,Brussels,Belgium
Rue Montagne aux Herbes Potagères,Brussels,Belgium
Rue de la Prairie,Brussels,Belgium
Rue Vandenboogaerde,Brussels,Belgium
,Stockholm,Sweden
,Mainz,Germany
Adlershof,Berlin,Germany
,Liège,Belgium
Rue de Birmingham,Brussels,Belgium
Riehen,Basel,Switzerland
Rue d’Astorg,Paris,France
Rue Jonckeu,Liège,Belgium
Rue de Londres,Paris,France
Karel Geertsstraat,Antwerp,Belgium
,Leipzig,Germany
,Radebeul,Germany
,Dresden,Germany
,Leipzig,Germany
Place Coronmeuse,Liège,Belgium
,Hannover,Germany
Avenue Rogier,Brussels,Belgium
,Charleroi,Belgium
Belgiëlei,Antwerp,Belgium
,Charleroi,Belgium
,Turin,Italy
Herengracht,Amsterdam,Netherlands
Karel Geertsstraat,Antwerp,Belgium
,Copenhagen,Denmark
,Antwerp,Belgium
Armand Segerslei,Mortsel,Belgium
,Leipzig,Germany
Colignonplein,Brussels,Belgium
Cuylitsstraat,Antwerp,Belgium
,Leipzig,Germany
Müggenburger Schleuse,Hamburg,Germany
,Boussu,Belgium
Sint-Amandsberg,Ghent,Belgium
,Mannheim,Germany
Place du Conseil,Brussels,Belgium
,Darmstadt,Germany
,Nordhausen,Germany
Rue Thiéfry,Brussels,Belgium
,Güstrow,Germany
Boulevard Anspach,Brussels,Belgium
Baron d'Hanislaan,Antwerp,Belgium
Rue de la Consolation,Brussels,Belgium
Rue du Ruisseau,Brussels,Belgium
,Harelbeke,Belgium
Chaussée de Gand,Kortrijk,Belgium
Korte Zavelstraat,Antwerp,Belgium
,Rijssen,Netherlands
,Halifax,United Kingdom
,Halifax,United Kingdom
,Fleetwood,United Kingdom
,Brighouse,United Kingdom
,Liversedge,United Kingdom
,Antwerp,Belgium
Richard-Wagner-Strasse,Leipzig,Germany
Avenue Raymond Vander Bruggen,Brussels,Belgium
Quai de Montebello,Paris,France
Rue de Fiennes,Brussels,Belgium
,Stuttgart,Germany
Place Colignon,Brussels,Belgium
,Berlin,Germany
Jozef de Bomstraat,Antwerp,Belgium
Place Des Grands Prés,Mons,Belgium
,Worcester,United States
Rue d'Angleterre,Brussels,Belgium
August Michielsstraat ,Antwerp,Belgium
Londenstraat,Antwerp,Belgium
Nassaustraat,Antwerp,Belgium
,Glasgow,United Kingdom
Rue Brogniez,Brussels,Belgium
Rue Porte De Liège,Waremme,Belgium
Wielandstrasse,Berlin,Germany
,Aschersleben,Germany
Ostrowska,Wroclaw,Poland
,Wuppertal,Germany
Alte Jacobstrasse,Berlin,Germany
Ehrenfeld,Cologne,Germany
Laeken,Brussels,Belgium
,Antwerp,Belgium
,Vroenhoven,Belgium
Rue de Stassart,Brussels,Belgium
Groenplaats,Antwerp,Belgium
Rue Grétry,Liege,Belgium
,Hannover,Germany
,Naxos,Greece
,Frankfurt,Germany
,Waltham,United States
,Providence,United States
,Amsterdam,Netherlands
Rue de l'Hôtel des Monnaies,Brussels,Belgium
,Flémalle,Belgium
,Lyon,France
Rue de l'Étuve,Brussels,Belgium
,Albany,United States
,Hemel Hempstead,United Kingdom
Rue de Paris,Paris,France
,Leipzig,Germany
Rue Potagère,Brussels,Belgium
Rue Garibaldi,Lyon,France
Meir,Antwerp,Belgium
Place Communale,Manage,Belgium
Boulevard Zénobe Gramme,Herstal,Belgium
Rue Potagère,Brussels,Belgium
Grossenhainer Strasse,Dresden,Germany
,Eupen,Belgium
Rue du Fossé aux Loups,Brussels,Belgium
,Gosselies,Belgium
Rue de l'Instruction,Brussels,Belgium
,Brussels,Belgium
Korte Koepoortstraat,Antwerp,Belgium
Victoria Avenue,London,United Kingdom
Coleman Street,London,United Kingdom
,Verviers,Belgium
,Zürich,Switzerland
Avenue du Prince de Ligne,Brussels,Belgium
Weequahic Park,Newark,United States
Rue Liedts ,Brussels,Belgium
,Waterbury,United States
Rue Portefoin,Paris,France
Kurfürstenstrasse,Berlin,Germany
,Dresden,Germany
Georgiring,Leipzig,Germany
,Dison,Belgium
Rue Dupont,Brussels,Belgium
,Frankfurt,Germany
Rue Renkin,Liege,Belgium
Chaussée de Ninove,Brussels,Belgium
Boulevard Anspach,Brussels,Belgium
,Jumet,Belgium
,Seraing,Belgium
,Barnsley,United Kingdom
,Rotterdam,Netherlands
Chaussée d'Anvers,Brussels,Belgium
,Ribérac,France
,Annonay,France
,Châteauneuf-sur-Charente,France
,Nersac,France
,Düren,Germany
Rue de la Montagne,Brussels,Belgium
,Kelmis,Belgium
Klapdorp,Antwerp,Belgium
Rue Vivienne,Paris,France
Rue Royale,Brussels,Belgium
Rue Renkin,Liege,Belgium
Gentbrugge,Ghent,Belgium
Weidestraat,Antwerp,Belgium
High Holborn,London,United Kingdom
Wörther Strasse,Berlin,Germany
,Stassfurt,Germany
,Rochester,United States
Rue des Palais,Brussels,Belgium
Himmelgeister Strasse,Düsseldorf,Germany
,Couze-et-Saint-Front,France
Avenue de l'Armée,Brussels,Belgium
106 Strand,London,United Kingdom
Rue Malher,Paris,France
Rue du Progrès,Brussels,Belgium
Rue Rubens ,Brussels,Belgium
Boulevard Zénobe Gramme,Herstal,Belgium
,Elterlein,Germany
Rue Joseph Claes,Brussels,Belgium
,Düren,Germany
,Treuen,Germany
,Quevaucamps,Belgium
,Hamburg,Germany
,Brussels,Belgium
,Göppingen,Germany
,Lengenfeld,Germany
Getreidemarkt,Vienna,Austria
,Olten,Switzerland
,Düren,Germany
,Lengenfeld,Germany
,Lambrecht,Germany
Rue de Spa,Brussels,Belgium
Friedrichsfeld,Mannheim,Germany
Quai de la Rapée,Paris,France
Rue Van-Gogh,Paris,France
Tempelhofer Damm,Berlin,Germany
Rue Dupont,Brussels,Belgium
,Wuppertal,Wuppertal
,Dresden,Germany
Chaussée de Gand,Brussels,Belgium
Rue de l'Indépendance,Brussels,Belgium
,Hamburg,Germany
,Jumet,Belgium
,Binche,Belgium
,Courcelles,Belgium
,Charleroi,Belgium
,Roux,Belgium
,Charleroi,Belgium
,Memmingen,Germany
,Stadtilm,Germany
Technikerstrasse,Vienna,Austria
,Bad Sobernheim,Germany
,Monzingen,Germany
Rue de la Bourse,Brussels,Belgium
Rue Sedaine,Paris,France
,New York City,United States
,Balgerhoeke,Belgium
,Michelstadt,Germany
,Hamburg,Germany
Pourbusstraat,Antwerp,Belgium
Grand-Rue,Courcelles,Belgium
,Lauscha,Germany
Rue Desnouettes,Paris,France
Italiëlei,Antwerp,Belgium
Boulevard Beaumarchais,Paris,France
Kommandantenstrasse,Berlin,Germany
,Aachen,Germany
,Ilmenau,Germany
Dapontegasse,Vienna,Austria
Haren,Brussels,Belgium
Rue du Jardinier,Brussels,Belgium
,Wondelgem,Belgium
,Vilvoorde,Belgium
Rue de l'Égalité,Brussels,Belgium
Rue Du Roton,Charleroi,Belgium
,Dampremy,Belgium
,Jumet,Belgium
,London,United Kingdom
Grétrystraat,Antwerp,Belgium
Rue du Faubourg Saint-Martin,Paris,France
,Bolesławiec,Poland
Pullenried,Oberviechtach,Germany
Upper Thames Street,London,United Kingdom
,Pittsburgh,United States
,Warrington,United Kingdom
,Wakefield,United Kingdom
,London,United Kingdom
,Port Sunlight ,United Kingdom
,London,United Kingdom
Broad Plain,Bristol,United Kingdom
 High Street,London,United Kingdom
,Saint-Fons,France
,Noisy-le-Sec,France
Rue des Archives,Paris,France
,Aubervilliers,France
Rue Saint-Ferréol,Marseille,France
Bergedorf,Hamburg,Germany
,Hackensack,United States
,St. Louis,United States
Plum Street,Cincinnati,United States
Wall Street,New York City,United States
,Sioux City,United States
East North Water Street,Chicago,United States
,Cincinnati,United States
,Pittsburgh,United States
Meir,Antwerp,Belgium
Jodenstraat,Antwerp,Belgium
King William Street,London,United Kingdom
Foro Buonaparte,Milan,Italy
Goswell Road,London,United Kingdom
,Pittsburgh,United States
,Philadelphia,United States
Nassau Street,New York City,United States
,Brand-Erbisdorf,Germany
,Zurich,Switzerland
Rue De Fragnée,Liege,Belgium
,Bad Neuenahr-Ahrweiler,Germany
,Snaaskerke,Belgium
Square De L'aviation,Brussels,Belgium
,Mons,Belgium
Wondelgem,Ghent,Belgium
,Schooten,Belgium
Meir,Antwerp,Belgium
,Naarden,Netherlands
Rue de la Croix de Fer,Brussels,Belgium
Rue Vandermeersch,Brussels,Belgium
,Paris,France
Rue Fontainas,Brussels,Belgium
,Bristol,United Kingdom
Rue Gachard,Brussels,Belgium
Rue des Fripiers,Mons,Belgium
,Wiesau,Germany
Passage des Chasses,Clichy,France
,Weisswasser,Germany
,Pirna,Germany
,Wiesau,Germany
Wilson Street,London,United Kingdom
,Warwick,United Kingdom
Lützowstrasse,Berlin,Germany
,Karlsruhe,Germany
Gerokstrasse,Dresden,Germany
Sint-Katelijnestraat ,Antwerp,Belgium
Van Trierstraat,Antwerp,Belgium
Weissenfelser Strasse ,Leipzig,Germany
,Mainz,Germany
Lindenau,Leipzig,Germany
,Basel,Switzerland
Eidelstedt,Hamburg,Germany
,Brussels,Belgium
Carpenters Road,London,United Kingdom
,Calw,Germany
Neukölln,Berlin,Germany
Rue Potagère,Brussels,Belgium
Rue Brogniez,Brussels,Belgium
Govan,Glasgow,United Kingdom
,Hamburg,Germany
Boomgaardstraat,Antwerp,Belgium
Rue De La Montagne,Verviers,Belgium
Dorotheenstrasse,Berlin,Germany
,Bouxwiller,France
Meir,Antwerp,Belgium
,Neuchâtel,Switzerland
Rue des Alexiens,Brussels,Belgium
Rheinau,Mannheim,Germany
Pontarlier,Doubs,France
Arbois,Jura,France
Vekestraat,Antwerp,Belgium
,Flawinne,Belgium
Rue de Jérusalem,Brussels,Belgium
Rue de l'Écuyer ,Brussels,Belgium
Wijngaardstraat,Antwerp,Belgium
Turnhoutsebaan,Antwerp,Belgium
Gijselstraat,Antwerp,Belgium
Rue de la Convention,Paris,France
,Nimy,Belgium
Rue de la Bonté,Brussels,Belgium
,Hanover,Germany
Rue du Fossé aux Loups,Brussels,Belgium
,Nimy,Belgium
,Lausanne,France
Oberkassel,Düsseldorf,Germany
47 West 34th Street,New York City,United States
,St. Louis,United States
,Canton,United States
Grünau,Berlin,Germany
Schiltigheim,Strasbourg,France
,Sint-Niklaas,Belgium
,Milan,Italy
Rue du Comte de Flandre,Brussels,Belgium
,Neu-Isenburg,Germany
Rue Saint-Jean,Brussels,Belgium
Rue Georges Moreau,Brussels,Belgium
Rue Walthère Jamar,Liege,Belgium
Bruchhausen,Arnsberg,Germany
,Hochspeyer,Germany
,Fürstenwalde/Spree,Germany
,Holzminden,Germany
Mühlenstrasse,Berlin,Germany
,Konstanz,Germany
Bruchhausen,Arnsberg,Germany
Moselstrasse,Frankfurt,Germany
Rödingsmarkt,Hamburg,Germany
,Antwerp,Belgium
Biberstrasse,Vienna,Austria
,Wiesbaden,Germany
Rue des Colonies,Brussels,Belgium
,Düsseldorf,Germany
Rue Georges Moreau ,Brussels,Belgium
,Dresden,Germany
Diercxsensstraat,Antwerp,Belgium
Cuylitsstraat,Antwerp,Belgium
Kazernestraat,Dendermonde,Belgium
,Ghent,Belgium
Avenue De Maire ,Tournai,Belgium
,Verviers,Belgium
Schiltigheim,Strasbourg,France
,Ludwigshafen,Germany
Rue des Chartreux,Brussels,Belgium
Boom,Antwerp,Belgium
Mülheim,Cologne,Germany
Avenue Louise,Brussels,Belgium
,Wielka Wieś,Poland
Boxhagener Strasse,Berlin,Germany
Karl-Marx-Allee,Berlin,Germany
,Iserlohn,Germany
,Leipzig,Germany
Hohemark,Oberursel,Germany
,Nivelles,Belgium
,Zandbergen,Belgium
,Morlanwelz,Belgium
Langstraat,Antwerp,Belgium
Rue des Wagnons,Quiévrain,Belgium
,Oudegem,Belgium
,Gosselies,Belgium
Benrather Strasse,Düsseldorf,Germany
Rue Jean-de-La-Fontaine,Paris,France
Boulevard Emile Jacqmain,Brussels,Belgium
,Liège,Belgium
,Frankfurt,Germany
Wassertorstrasse,Berlin,Germany
Rue Floris,Brussels,Belgium
,Nerchau,Germany
Blasewitzer Strasse,Dresden,Germany
Plagwitz,Leipzig,Germany
Gereonstrasse,Cologne,Germany
Boulevard Maurice Lemonnier,Brussels,Belgium
Rue Paradis ,Liège,Belgium
Kazernestraat,Dendermonde,Belgium
Rue de France,Brussels,Belgium
,Döbern,Germany
,Hamburg,Germany
Carlisle Road,London,United Kingdom
Well Hall Road,London,United Kingdom
,Antwerp,Belgium
,Vilvoorde,Belgium
,Flémalle-Grande,Belgium
Mülheim,Cologne,Germany
Rue de la Longue Haie ,Brussels,Belgium
Raapstraat,Antwerp,Belgium
Rue Des Fanfares,Jemeppe-sur-Meuse,Belgium
Rue des Chartreux,Brussels,Belgium
,Heidenau,Germany
Pyckestraat,Antwerp,Belgium
Wupperstrasse,Berlin,Germany
Uferstrasse,Berlin,Germany
Rue Renkin,Liege,Belgium
,Wilsele,Belgium
Rue Georges Moreau,Brussels,Belgium
Rue des Artistes,Brussels,Belgium
,Gotha,Germany
,Seneffe,Belgium
Vaalser Strasse,Aachen,Germany
Nieuwendijk,Amsterdam,Netherlands
Rue Du Pont,Montreux,Switzerland
Rue du Faubourg Saint-Honoré,Paris,France
Mozartstrasse,Cologne,Germany
,Grünbach,Germany
Schmiedefeld am Rennsteig,Suhl,Germany
Tiefurt,Weimar,Germany
Wandsbek,Hamburg,Germany
,Freiberg,Germany
Wolfersgrün,Kirchberg,Germany
Luckauer Strasse,Berlin,Germany
Alexandrinenstrasse,Berlin,Germany
Brachelen,Hückelhoven,Germany
Neanderstrasse,Berlin,Germany
Fetscherstrasse,Dresden,Germany
Brachelen,Hückelhoven,Germany
Lamorinièrestraat,Antwerp,Belgium
,Vaassen,Netherlands
,Philadelphia,United States
Rue Gustave Defnet ,Brussels,Belgium
Rue Verrept-Dekeyser,Brussels,Belgium
Rue de Birmingham,Brussels,Belgium
Rue Terre-Neuve,Brussels,Belgium
Rietstraat,Ghent,Belgium
,Rupelmonde,Belgium
Boulevard du Jubilé,Brussels,Belgium
Alte Neustadt,Magdeburg,Germany
Rue de l'Écuyer,Brussels,Belgium
Hatton Garden,London,United Kingdom
,Fontaine-l'Évêque,Belgium
,Verviers,Belgium
Mariakerke,Ghent,Belgium
Begijnhoflaan,Ghent,Belgium
Sasse Poort,Sas van Gent,Netherlands
Kleindokkaai,Ghent,Belgium
Blaisantvest,Ghent,Belgium
Amsterdamstraat,Antwerp,Belgium
Van De Wervestraat,Antwerp,Belgium
,Lübbecke,Germany
Lehma,Treben,Germany
Klappeistraat,Antwerp,Belgium
Rodenkirchen,Cologne,Germany
Schwedter Strasse,Berlin,Germany
Rosenthaler Strasse,Berlin,Germany
,Mönchengladbach,Germany
,La Louvière,Belgium
,Rotterdam,Netherlands
,Amsterdam,Netherlands
,Groningen,Netherlands
Quai des Charbonnages,Brussels,Belgium
,Maassluis,Netherlands
Papenstraat,Delft,Netherlands
,Breda,Netherlands
,Leuven,Belgium
Goudsesingel,Rotterdam,Netherlands
,Szczecin,Poland
,Helmond,Netherlands
Rue des Palais,Brussels,Belgium
,Huddersfield,United Kingdom
L'Isle-en-Rigault,Meuse,France
East Cambridge,Cambridge,United States
Rue de l'Écuyer,Brussels,Belgium
Bezons,Paris,France
Rue de Mérode,Brussels,Belgium
,Wuppertal,Germany
Luisenstrasse,Berlin,Germany
Schönwalder Strasse,Berlin,Germany
Luisenstrasse,Berlin,Germany
,Jülich,Germany
Lievestraat,Ghent,Belgium
Rue de Dublin,Brussels,Belgium
,Antwerp,Belgium
,Oberursel,Germany
De Wittenkade,Amsterdam,Netherlands
Avenue Eugène Demolder,Brussels,Belgium
Gerichtsweg,Leipzig,Germany
,Huddersfield,United Kingdom
Rue Vandermeulen ,Brussels,Belgium
Rue Bara,Brussels,Belgium
Chaussée de Gand,Brussels,Belgium
Rue Godot-de-Mauroy,Paris,France
Rue Championnet,Paris,France
Rue de Laeken ,Brussels,Belgium
,Clermont-Ferrand,France
Rue Vieille Montagne,Liège,Belgium
,Oudegem,Belgium
,Döbeln,Germany
,Arnsberg,Germany
Bellevue,Ghent,Belgium
,Annonay,France
,Zwönitz,Germany
,Krefeld,Germany
Rue Belgrand,Paris,France
Rue Pasteur ,Liège,Belgium
,Sint-Gillis-bij-Dendermonde,Belgium
Nationalestraat,Antwerp,Belgium
,Kobe,Japan
Ballindamm,Hamburg,Germany
,Antwerp,Belgium
,Gosselies,Belgium
Gohlis,Leipzig,Germany
Kyōbashi,Tokyo,Japan
,La Rochelle,France
,Mulhouse,France
Boulevard Haussmann,Paris,France
,Santander,Spain
Rue Auguste Bailly,Asnières-sur-Seine,France
Rue de Mérode ,Brussels,Belgium
Korte Klarenstraat,Antwerp,Belgium
,Frankfurt,Germany
Rue de Ciplet,Brussels,Belgium
,Rotterdam,Netherlands
Muskauer Strasse,Berlin,Germany
,Grossbreitenbach,Germany
Schuttershofstraat,Antwerp,Belgium
,Hopewell,United States
,Rotterdam,Netherlands
Rue Renkin,Brussels,Belgium
,Leipzig,Germany
,Brussels,Belgium
Avenue de la République,Paris,France
Avenue Jean Jauris,Lyon,France
Rue Caumartin,Paris,France
Rue des Wallons,Liège,Belgium
Rubenstraat ,Brussels,Belgium
,Darmstadt,Belgium
,Chemnitz,Germany
,Offenbach am Main,Germany
Alexandrinenstrasse,Berlin,Germany
,Dusseldorf,Germany
Sandstrasse,Wuppertal,Germany
Himmelgeisterstrasse,Dusseldorf,Germany
,Leipzig,Germany
,Heidenheim,Germany
Wichlinghausen,Wuppertal,Germany
,Leipzig,Germany
,Leipzig,Germany
Rue de Fabriques,Brussels,Belgium
,Brussels,Belgium
,Dresden,Germany
,Dresden,Germany
Rue du Gouvernement,Brussels,Belgium
,Dresden,Germany
,Dresden,Germany
,Warmbrunn,Germany
,Magdeburg,Germany
,Eisenach,Germany
Van Noten Kronenburg straat,Antwerpen,Belgium
rue du Marais ,Brussels,Belgium
Menapiers straat,Brussels,Belgium
Waisenstrass ,Chemnitz,Germany
Rue Belliard,Brussels,Belgium
,Bielefeld,Germany
,Antwerpen,Belgium
,Leipzig,Germany
,Duisburg,Germany
,Brussels,Belgium
Heerengracht,Amsterdam,Netherlands
Rue Georges Moreau Brussels,Brussels,Belgium
Rue du Progrès,Brussels,Belgium
,Düren,Germany
,Neuss am Rhein,Germany
rue Montoyer,Brussels,Belgium
,Le Locle ,Switzerland
St Jacobsmarkt,Antwerpen,Belgium
Avenue de Batignolles,Saint Ouen,France
,Bern,Switzerland
Via Giulini,Milan,İtaly
,Brussels,Belgium
,Brussels,Belgium
Rue de la Victoire,Brussels,Belgium
Rue des Charbonniers ,Brussels,Belgium
,Berlin ,Germany
rue des Palais,Brussels,Belgium
,Dresden,Germany
Square de l'Aviation,Brussels,Belgium
, Frankfurt ,Germany
Avenue Jean,Lyon,France
,New york,United States
rue Plantin,Brussels,Belgium
,Lyon,France
,Paris,France
Van Haelen,Brussels,Belgium
,Zele,Belgium
Finnieston Street ,Glasgow,United Kingdom
,Berlin,Germany
,Malmedy,Belgium
, Dresden,Germany
Rue Royale,Brussels,Belgium
 Rue Jenner,Paris,France
Graf Adolfstrasse,Düsseldorf,Germany
Avenue de Haveskercke ,Brussels,Belgium
Carpenters road,London,United Kingdom
,Berlin,Germany
,Remscheid,Germany
,Remscheid,Germany
,Remscheid,Germany
,Remscheid,Germany
,Remscheid,Germany
,Remscheid,Germany
,Remscheid,Germany
rue du Marais,Brussels,Belgium
Boulevard du Midi,Brussels,Belgium
,Dresden,Germany
,Düsseldorf,Germany
Rue Graty,Brussels,Belgium
,Västerås,Sweden
,Berlin,Germany
,Dresden,Germany
,Liege,Belgium
Dreilinden Strasse,Leipzig,Germany
Kiefern Str,Dresden,Germany
,Manchester,United Kingdom
rue du Théatre,Brussels,Belgium
rue des Célestines ,Liège,Belgium
Avenue Victoria,Brussels,Belgium
Rue Royale,Brussels,Belgium
,Antwerpen,Belgium
,Grammont,Belgium
,Hamburg,Germany
Hoboken,Antwerpen,Belgium
Nieuwendijk,Amsterdam,Netherlands
,Brussels,Belgium
,cologne,Germany
Rue Navez,Brussels,Belgium
Chaussée de Gand,Brussels,Belgium
Avenue Victoria,Brussels,Belgium
Avenue Prudent Bols,Brussels,Belgium
Oosterstraat,Hilversum,Netherlands
,Leipzig,Germany
,Brussels,Belgium
,Schwabmünchen,Germany
,Rotterdam,Netherlands
Rue Faurieux,Herstal,Belgium
Spring street,New York,United States
Bedden Straat,Antwerpen,Belgium
Rue Reynier,Liège,Belgium
Karthuizers Str.,Brussels,Belgium
Transvaal Str.,Brussels,Belgium
,Hilversum,Netherlands
,Antwerpen,Belgium
,Munich,Germany
,Braunschweig,Germany
,Berlin,Germany
,jena,Germany
,Rathenow,Germany
Kaiserstr.,Frankfurt,Germany
,Paris,France
Galerie de la Reine,Brussels,Belgium
Van Straelen Lei,Antwerpen,Belgium
Rue Vilette,Liège,Belgium
Plantijnley,Antwerpen,Belgium
,Giessen,Germany
Rue David,Liège,Belgium
,Antwerpen,Belgium
,Haren,germany
Woeringen Straat,Gent,Belgium
Eierenmarkt,Antwerpen,Belgium
Rue Renkin,Liège,Belgium
,Flörsheim am Main,Germany
Veld Straat,Antwerp,Belgium
Düntherstrasse ,Berlin,Germany
,London,United Kingdom
,Brussels,Belgium
Karel Geertsstraat,Antwerp,Belgium
Place du Parc ,Liège,Belgium
Rue du Progrès,Brussels,Belgium
,Alsace,France
Brunnstrasse,Munich,Germany
,london ,United Kingdom
,Frankffurt,Germany
rue de la Croix de Fer,Brussels,Belgium
Rue de Choiseul,Paris,France
,Antwerpen,Belgium
Rue de la Croix de Fer,Brussels,Belgium
Kerkstraat,Gentbrugg,Belgium
Rue des Commerçants,Brussels,Belgium
De Fretstraat,Antwerpen,Belgium
,Alost,Belgium
,Quedlinburg,Germany
,Hamburg,Germany
,Berlin,Germany
Kärntnerstrasse,Wien,Austria
,Strasburg,Germany
,Berlin,Germany
,Hamburg,Germany
,Dresden,Germany
,Baden,Germany
,Erkrath,Germany
,Murgtal,Germany
,Heilbronn am Neckar,Germany
Domstrasse ,cologne,Germany
,Leipzig,Germany
,Murgtal,Germany
Renkin Straat,Brussels,Belgium
,Nijmegen,Netherlands
,Frankfurt,Germany
,Drammen,Norway
,Emmerich am Rhein,Germany
,Paris,France
Rue Morinval,Liège,Belgium
Lutherstr.,Leipzig,Germany
Rue des Pierres,Brussels,Belgium
,Brussels,Belgium
,Brussels,Belgium
,Liège,Belgium
Rue Petite Voie,Herstal,Belgium
,Annecy,France
,Rotterdam,Netherlands
Passage des Petites Écuries,Paris,France
,Haynau,Poland
,Dresden,Germany
Rue d'Artois,Lille,France
Kreuzstrasse,Leipzig,Germany
rue de la tourelle,Charleroi,Belgium
 Lange Gasthuis Str.,Antwerpen,Belgium
 Wetstraat,Brussels,Belgium
,Leipzig,Germany
Edenstraße,Hannover,Germany
,Brussels,Belgium
,Dresden,Germany
,Herstal,Belgium
Lange Nieuwstraat,Antwerpen,Belgium
Vooruitgangstraat ,Brussels,Belgium
Leuvensche Straat,Brussels,Belgium
rue Victorien Sardou,Paris,France
,Brusselss,Belgium
,Corrèze,France
,Hirschberg,Germany
,Hennuyères,Belgium
Rue de Sclessin,Liège,Belgium
,Vienna,Austria
,Prague,Czech Republic
Battersea,London,United Kingdom
,Hyltebruk,Sweden
,Hessen,Germany
,Greiz,Germany
Wallstraße,Berlin,Germany
,Leipzig,Germany
,Düren,Germany
,Lommatzsch,Germany
,Apeldoorn,Netherlands
,Hamburg,Germany
Herzbergerstraße,Berlin,Germany
 Rue Morinval,Liège,Belgium
snow hill,London,United Kingdom
Rue de Namur ,Brussels,Belgium
,Zutphen,Netherlands
,oslo,norway
Fifth Avenue,New York City,
Boulevard d’Avroy,Liège,Belgium
Rue du Mail ,Brussels,Belgium
 rue terre Neuve,Brussels,Belgium
Stephanienstrasse ,Dresden,Germany
,Drammen ,Norway
Monckebergstr,Hamburg,Germany
De Lescluze str.,Antwerpen,Belgium
Rue Lambrechts,Antwerpen,Belgium
Rue Pavée,Paris,France
,Hessen,Germany
Rue St Martin,Paris,France
rue du Louvre,Paris,France
Kroonstraat,Antwerpen,Belgium
,Boston,United States
 Avenue Despetiaux,Paris,France
Rue Pierre,Lyon,France
Stepanska,Prague,Czech Republic
Reynier Vinkeleskade,Amsterdam,Netherlands
,Duisburg,Germany
,Paris,France
Avenue Britannique,Antwerpen,Belgium
,Berlin ,Germany
Rue de la Pacification,Brussels,Belgium
,Paris,France
Kipdorpvest,Antwerpen,Belgium
Albert Square,Manchester,United Kingdom
Reinier Vinkeleskade ,Amsterdam,Netherlands
Finsbury Square,London,United Kingdom
,Heidelberg,Germany
Avenue des Batignolles,Drancy,France
rue Crozatier,Paris,France
,Frankeneck,Germany
,Sampierdarena,Italy
Rue Émile Féron,Brussels,Belgium
,Herstal,Belgium
,Charleroi ,Belgium
Rue Petite Voie,Herstal,Belgium
,Vilvoorde,Belgium
,cologne,germany
Lange Leemstraat,Antwerpen,Belgium
Route de Florissant ,Genève,Switzerland
Klamperstraat,Antwerpen,Belgium
Teltower Strasse,Berlin,Germany
Avenue de la Reine,Brussels,Belgium
,Altkerben,Germany
,Neidenfels,Germany
,Hilversum,Netherlands
,Mortsel,Belgium
,Nuremberg,Germany
,Düren,Germany
Meir,Antwerpen,Belgium
Avenue de la Reine,Brussels,Belgium
Heesestraße,Berlin ,Germany
 Bartholomew Street,London,United Kingdom
,Berlin ,Germany
,München,Germany
,Brussels,Belgium
Rue de Mérode,Brussels,Belgium
,Brussels,Belgium
Rue Pré Binet,Liège,Belgium
 Rue des Fabriques,Brussels,Belgium
Friedrichstraße,Berlin,Germany
,Brussels,Belgium
,Offenburg,Germany
,Antwerpen,Belgium
,Cottbus,Germany
,Dresden,Germany
,Nancy,France
Chau. de Haecht,Brussels,Belgium
,Munich,Germany
Rue Eeckelaers ,Brussels,Belgium
,Normandie,France
Av. du Roi,Brussels,Belgium
,Nurnberg,Germany
Nieuwendijk,Amsterdam,Netherlands
Rue Lens,Brussels,Belgium
Rue Verhoeven,Brussels,Belgium
Chaussée de Bruxelles,Wavre,Belgium
Rue Wiertz,Liège,Belgium
Boulvard Emile Jacqmain,Brussels,Belgium
rue des Palais,Brussels,Belgium
31 Rue Montagne aux Herbes,Brussels,Belgium
Rue du Grand Central ,Charleroi,Belgium
Rue de l'Ecuyer,Brussels,Belgium
,Hamburg,Germany
Rungestrasse,Berlin,Germany
Wassertorstraße,Berlin,Germany
,Paris,France
,Antwerpen,Belgium
Rue Brogniez,Brussels,Belgium
rue de la Buanderie,Brussels,Belgium
,Stuttgart,Germany
Avenue Victoria,Brussels,Belgium
Rue Renkin,Brussels,Belgium
,La Louvière,Belgium
,Leipzig,Germany
,Leipzig,Germany
Rue Dupont,Brussels,Belgium
,Brussels,Belgium
,Frankfurt,Germany
,Brussels,Belgium
,Dusseldorf,Germany
Rue Leopold Courouble ,Schaerbeek,Belgium
,Amsterdam,Nederland
Galerie du Roi,Brussels,Belgium
,Antwerpen,Belgium
,Brussels,Belgium
,Antwerpen,Belgium
St Jacobsmarkt        ,St Jacobsmarkt Antwerpen,Belgium
,Antwerpen,Belgium
,London,United Kingdom
Archimedesstraat,Brusselss,Belgium
rue Gretry,Brusselss,Belgium
Boulevard du Hainaut,mouscron ,Belgium
,Haren,Germany
,Brusselss,Belgium
,Brusselss,Belgium
 Lange Nieuw Straat,Antwerpen,Belgium
,dortmund,Germany
,Antwerpen,Belgium
Grote Beerstraat,Antwerpen,Belgium
John Kosters Heerenmarkt ,Amsterdam,Netherlands
Rue Potagere,Brusselss,Belgium
,Ampsin,Belgium
Rue Vieille du Temple  ,Paris,France
,Hemixem,Belgium
Rue Leys ,Brusselss,Belgium
Avenue Prudent Bols,Laeken,Belgium
Avenue Montjoie,Brusselss,Belgium
,Liverpool,United Kingdom
,Couvin,Belgium
Otto-Schmerbach-Straße ,Chemnitz,Germany
,London,United Kingdom
,London,United Kingdom
,London,United Kingdom
Avenue de France,Paris,France
,Bayeux,France
Rue de Rome ,Paris,France
Sterlingerstraat,Antwerp ,Belgium
,Antwerpen,Belgium
 Gray's Inn,London,United Kingdom
,London,United Kingdom
,Paisley,United Kingdom
Rue Jacobs-Fontaine,Brussels,Belgium
Masuistr,Brussels,Belgium
Müllerstr.,Berlin,Germany
,Brussels,Belgium
Carpenters Road,London,United Kingdom
,Hamburg,Germany
,Dessau,Germany
Avenue du Midi ,Brussels,Belgium
,Iserlohn,Germany
Avenue Victoria ,Brussels,Belgium
,Dresden,Germany
,Chemnitz,Germany
,Liège ,Belgium
 Kipdorp,Antwerpen,Belgium
Avenue du Midi,Brussels,Belgium
 rue des Loups Anderlecht,Brussels,Belgium
,Charleroi,Belgium
Rue des Collets ,Brussels,Belgium
Avenue de Haveskercke,Forest,Belgium
Bd de Dixmude,Brussels,Belgium
,Brussels,Belgium
Avenue de la Reine,Brussels,Belgium
Rue du Gazomètre,Sint-Niklaas,Belgium
Gertrudenkirchhof ,Hamburg,Germany
Meir,Antwerpen,Belgium
,Lehrte,Germany
 Rue Gaucheret,Brussels,Belgium
Koninklijkestraat,Brussels,Belgium
 Meir,Antwerpen,Belgium
Avenue de la Reine ,Brussels,Belgium
,Hamburg,Germany
,Oftringen,Switzerland
Berchem,Antwerpen,Belgium
Lange Gasthuisstraat,Antwerpen,Belgium
Rue de Mogkerke,Brussels,Belgium
Nieuwstraat,Brussels,Belgium
,Ilmenau,Germany
,Rotterdam,Netherlands
,Rotterdam,Netherlands
,Jette,Belgium
,Amsterdam,Netherlands
,Mons,Belgium
Groote Beer Straat,Antwerp,Belgium
Rue de Clichy,Paris,France
Stratford,London,United Kingdom
 Rue de laeken,Brusselss,Belgium
Queen Victoria Street,London,United Kingdom
,Brusselss,Belgium
,Brusselss,Belgium
Rue de Bruxelles,Liège,Belgium
Boulev. du Jardin Botanique,Brusselss,Belgium
Rue des Patriotes ,Brusselss,Belgium
rue de Milan,Paris,France
Avenue de la Couronne,Brusselss,Belgium
rue Chéri,Liège,Belgium
Rue du Bocage,Paris,France
Bld de l'Abattoir,Brusselss,Belgium
,Munich,Germany
,Dresden,Germany
,Hannover,Germany
,Ghent,Belgium
Rue De La Justice,Liege,Belgium
,Leipzig,Germany
,Leipzig,Germany
Rue Thieffry,Brusselss,Belgium
Rue Royale,Brusselss,Belgium
,hagen,Germany
Rue Thiéfry,Brusselss,Belgium
Albert Square,Manchester,United Kingdom
24 Rue de l'Alliance,Brusselss,Belgium
Mittelstrasse,Berlin,Germany
Rue Dupont,Brusselss,Belgium
,Saint Petersburg,Russia
,Brusselss,Belgium
,Paris,France
,Düren,Germany
,Antwerp,Belgium
,Antwerp,Belgium
,Ghent,Belgium
,Brusselss,Belgium
rue St Lazare,Paris,France
Mechelschen Steenweg,Antwerp,Belgium
Rue de la Montagne,Brusselss,Belgium
Boulevard Beaumarchais,Paris,France
,Sheffield,United Kingdom
,London,United Kingdom
Rue du Progres 106,Brusselss,Belgium
Rue du Croissant 64,Brusselss,Belgium
,Antwerp,Belgium
,Antwerp,Belgium
,Baden,Germany
,Liège,Belgium
,Sheffield,United Kingdom
Elisabethstrasse ,Vienna,Austria
Rue du Bastion,Antwerp,Belgium
,New York,United States
,Antwerp,Belgium
,Berlin,Germany
Rue Simons,Brusselss (North),Belgium
,Leipzig,Germany
,Amsterdam,Netherlands
,Brusselss,Belgium
rue Franz Merjay,Brusselss,Belgium
Schipstraat,Mechelen,Belgium
Rue du Pont d'Avroy,Liège,Belgium
Streel Place de la Duchesse ,Brusselss,Belgium
Kasernenstrasse,Düsseldorf,Germany
Rue de la Victoire,Paris,France
,Brusselss,Belgium
Abstederdijk,Utrecht,Netherlands
rue Van der Meyersch,Brusselss,Belgium
Rue Fourier,Lille,France
rue du Progrès,Brusselss,Belgium
Rue Hocheporte ,Brusselss ,Belgium
Koninglijke Straat,Antwerp,Belgium
,Mainz,Germany
Koningsstraat,Brusselss,Belgium
,Merxem,Belgium
rue de la Pepiniere,Brusselss,Belgium
,Mannheim,Germany
Rue du Berceau ,Brusselss,Belgium
rue de la Province,Antwerp,Belgium
rue du Transvaal ,Berchem,Belgium
,Liège,Belgium
Rue August Hock,Liège,Belgium
Rue Emile Pathé Forest,Brusselss,Belgium
Favoritenstrasse 25,Vienna,Austria
,Hannover,Germany
Av. de la Jonction,Brussels,Belgium
Aeschenvorstadt,Basel,Switzerland
Rue de l'Ile Sainte-Hélène,Brussels,Belgium
,München,Germany
,Nürnberg,Germany
Venusstraat,Antwerpen,Belgium
,Tourcoing,France
,Emmishofen,Switzerland
,Louisville,United States
,Alessandria,Italy
Rue de la Buanderie,Brussels,Belgium
,Ghent,Belgium
,Munich,Germany
,Fürth,Germany
,Nürnberg,Germany
,Nürnberg,Germany
,Fürstenwalde,Germany
Pl. De Brouckère,Brussels,Belgium
Ritterstraße,Berlin,Germany
Angerbrücke,Leipzig,Germany
Cité d'Hauteville,Paris,France
,Abbiategrasso,Italy
Sommerstrasse,Berlin-Reinickendorf,Germany
,Berlin,Germany
,Chemnitz,Germany
,Liège,Belgium
,Szczecin,Poland
Prinzregentenstraße,München,Germany
Rue de la Concorde,Brussels,Belgium
,Winschoten,Netherlands
,Kobe,Japan
Rue de la Baume,Paris,France
,Bremen,Germany
Av. de l'Armistice,Antwerpen,Belgium
Bd du Jardin Botanique,Brussels,Belgium
Leipziger Straße,Magdeburg,Germany
,Amsterdam,Netherlands
Elbestrasse,Berlin,Germany
,Bielefeld,Germany
Rue des Prémontrés,Liège,Belgium
,New York,United States
,Clamecy,France
,Antwerpen,Belgium
,Kobe,Japan
,Velten,Germany
,Dresden,Germany
Warandestraat,Turnhout,Belgium
Rue du Prince Albert,Brussels,Belgium
Jacob Jordaensstraat,Antwerpen,Belgium
Rue des Aduatiques,Brussels,Belgium
,Ahin,Belgium
,Antwerpen,Belgium
,Cuesmes Mons,Belgium
Erlenstraße,Berlin,Germany
rue Antoine Dansaert,Brussels,Belgium
Rue Gallait,Brussels,Belgium
Karolinenstraße,Hamburg,Germany
Avenue des Bassins,Mons,Belgium
Av. des Alliés,Charleroi,Belgium
,Magdeburg,Germany
,Brussels-Vorst,Belgium
Chaussée de Mons,Anderlecht,Belgium
Ave Blonden,Liège,Belgium
Chau. de Wavre,Brussels,Belgium
,Köln,Germany
Av. Victor Emmanuel,Paris,France
,Antwerpen,Belgium
,Spremberg,Germany
,Filer City Michigan,United States
Pine Street,New York,United States
,Riesa,Germany
,Phillipsburg New Jersey,United States
,Brussels,Belgium
Rue de Bruxelles,Liège,Belgium
,Liège,Belgium
,Turnhout,Belgium
,Walsrode,Germany
15 East 26th Street,New York,United States
,Hamburg,Germany
,Davenport Iowa,United States
,Liège,Belgium
Bd Adolphe Max 112,Brussels,Belgium
,Basel-Vorstaedte,Switzerland
Lortzingstraße,Leipzig,Germany
,Württemberg,Germany
Route de Tarare,Villefranche-sur-Saone,France
Arenbergstraat,Antwerpen,Belgium
Rue du Prince Albert,Brussels,Belgium
Rue du Bois,Asnières-sur-Seine,France
,Quedlingburg,Germany
,Liège,Belgium
Av. des Hortensias,Anderlecht,Belgium
N Robertson Blvd,West Hollywood California,United States
Quai des Charbonnages,Brussels,Belgium
Old Jewry,London,United Kingdom
Rue des Palais,Brussels,Belgium
Rue Goffart,Brussels,Belgium
Rue du Cardinal Mercier,Paris,France
,Mannheim Rheinau,Germany
,Mainz,Germany
Av. de l'Hippodrome,Brussels,Belgium
Rue Roux de Brignoles,Marseille,France
Three Mill Ln,London,United Kingdom
,Messina,Italy
Whitehall,London,United Kingdom
Rue Montagne aux Herbes Potagères,Brussels,Belgium
Italiëlei,Antwerpen,Belgium
Bd de Waterloo,Brussels,Belgium
,Huddersfield,United Kingdom
Rue St Denis ,Gennevilliers,France
Bd de Dixmude,Paris,France
,Mannheim Waldhof,Germany
Three Mill Ln,London,United Kingdom
,Köln,Germany
Walenstraat,Antwerpen,Belgium
Amerikalei,Antwerpen,Belgium
Oudekerkstraat,Antwerpen,Belgium
Spillemansstraat,Antwerpen,Belgium
,Brussels,Belgium
Spillemansstraat,Antwerpen,Belgium
Montensstraat,Antwerpen,Belgium
,Dortmund Horde,Germany
,Ammendorf/Beesen,Germany
Chau. de Helmet,Brussels,Belgium
Dahlmannstraße,Berlin,Germany
,Nuernberg,Germany
,Wervicq-Sud,France
Rue du Moulin,Dison,Belgium
Rue des Champs Elysées,Brussels,Belgium
Kaiser-Friedrich-Straße,Köln,Germany
, Siegen,Germany
,Berlin,Germany
Bärensteiner Str.,Dresden,Germany
,Leśna,Poland
,Konstanz,Germany
,Brussels,Belgium
Krautstraße,Berlin,Germany
Georgiring,Liepzig,Germany
Rue Rubens,Brussels,Belgium
,Gosselies,Belgium
,Liège,Belgium
,Via Valparaiso Milan,Italy
Rue des Chartreux,Brussels,Belgium
Av. du Port,Brussels,Belgium
Bd de Smet de Naeyer,Brussels,Belgium
,Göttingen,Germany
Chau. de Saint-Amand,Tournai,Belgium
Taborstraße,Berlin,Germany
Rue Vandeweyer,Brussels,Belgium
Rue Vandeweyer,Brussel,Belgium
Rue Otlet,Anderlecht,Belgium
,Am Oberhafen Berlin,Germany
,Radebeul,Germany
,Erlangen,Germany
,Erfurt,Germany
,Oberweimar,Germany
,Bad Lippspringe,Germany
Rue Gillon,Brussels,Belgium
,Bridgeport,United States
,Saint-Denis,France
,Drôme,France
Rue Charles Ernest,Charleroi,Belgium
,Wilmington,United States
Rue Rubens,Brussel,Belgium
,Leipzig,Germany
,Frankfurt am Main,Germany
Victoria St,London,United Kingdom
,Lennep,Germany
,Krefeld,Germany
,Dohna,Germany
Av. Albert Giraud,Brussels,Belgium
270 West 38th Street,New York,United States
Rue des Gâtines,Paris,France
Rue des Chartreux,Brussel,Belgium
,Frankfurt Rödelheim,Germany
Eschholzstraße,Freiburg im Breisgau,Germany
Rue La Boétie,Paris,France
,Leipzig-Gohlis,Germany
Hermannstraße,Berlin,Germany
Vinckestraße,Hagen,Germany
Vitzthumstraße ,Dresden,Germany
,Wetzlar,Germany
,Dresden,Germany
Nicolaistraße,Dresden,Germany
,Frankfurt Main,Germany
,Dresden,Germany
,Dresden,Germany
,Braunschweig,Germany
,Dresden,Germany
Kingsway,London,United Kingdom
,Braunschweig,Germany
,Berlin,Germany
,Bielefeld,Germany
,Marienberg,Germany
Eilenburger Str.,Dresden,Germany
,Rabenau-Dresden,Germany
,Dresden,Germany
,Munich,Germany
,Gummersbach,Germany
,Dresden,Germany
,Röthenbach Bayern,Germany
,Düsseldorf,Germany
,Strengenberg,Germany
,Fürth-Bayern,Germany
Kesselstraße,Berlin,Germany
,Dresden,Germany
,Freital,Germany
,Freiburg i. Breisgau,Germany
,Munich,Germany
,Dresden,Germany
,Hannover,Germany
,Hannover,Germany
Wassertorstraße,Berlin,Germany
,Hagen,Germany
Av. Jan Stobbaerts,Brussels,Belgium
,Jena,Germany
,Bietigheim - Württemberg,Germany
,Bietigheim - Württemberg,Germany
Rue Léopold Fagnart,Charleroi,Belgium
,Fürth Bayern,Germany
,Lommatzsch,Germany
Av. Huart Hamoir,Brussel,Belgium
,Brussel,Belgium
,Warsaw,Poland
Rue Van Lint,Anderlecht,Belgium
,Wurtemberg,Germany
,Hasselt,Germany
,Göttingen,Germany
,Schwabmünchen / Bay,Germany
,Lubeck,Germany
Prager Str.,Berlin,Germany
,Brussel,Belgium
,Herstal,Belgium
,Lokeren,Belgium
Kirchenallee,Hamburg,Germany
,Finistère,France
Smisstraat,Londerzeel,Belgium
,Antwerpen,Belgium
Wielandstraße,Berlin,Germany
Graf-Adolf-Straße,Düsseldorf,Germany
Valeriusstraat,Amsterdam,Netherlands
Rue Royale,Brussel,Belgium
Rue Rubens,Brussel,Belgium
,Dessau,Germany
Rue du Midi,Brussels,Belgium
,Brussels,Belgium
,Brussels,Belgium
Rue Marcq,Brussels,Belgium
Av. Sleeckx,Brussels,Belgium
Rue des Fripiers,Brussels,Belgium
,Hamburg,Germany
,Hannover,
,Brussel,Belgium
,Bad Homburg,Germany
Av. du Luxembourg,Liège,Belgium
Rue de Potter,Schaerbeek,Belgium
Türkenstraße,Munich,Germany
,Wiesbaden,Germany
,Zürich,Switzerland
,Osaka,Japan
,Tokio,Japan
Sterlingerstraat,Antwerpen,Belgium
Av. Dailly,Brussels,Belgium
Chau. de Vleurgat,Brussels,Belgium
,Hamburg,Germany
113 West 42nd Street,New York,United States
,Nürnberg,Germany
Walvisstraat,Antwerpen,Belgium
,Bad Homburg,Germany
Rue Vandeweyer,Brussels,Belgium
Rue des Eburons,Liège,Belgium
Av. Michel-Ange,Brussels,Belgium
Gaustraße,Mainz,Germany
,Amsterdam,Netherlands
,Augsburg,Germany
Zittauer Str.,Görlitz,Germany
Rue Archimède,Brussels,Belgium
,Berlin,Germany
,Kiel,Germany
Bromley by Bow,London,United Kingdom
Comeniusstraße,Nürnberg,Germany
,Frankfurt,Germany
,Aachen,Germany
Königstraße,Stuttgart,Germany
,Dresden,Germany
Groenplaats,Antwerpen,Belgium
Av. de l'Observatoire,Liège,Belgium
Rue Rubens,Brussels,Belgium
Blasewitzer Str.,Dresden,Germany
Oudebareellei,Antwerpen,Belgium
Quai de Mariemont,Brussels,Belgium
,Saint-Gilles,Belgium
Pl. Louis Morichar,Brussels,Belgium
Rue Josaphat,Brussels,Belgium
Pl. Saint-François,Lausanne,Switzerland
Bogaardstraat,Antwerpen,Belgium
Bennogasse,Vienna,Austria
,Freiburg im Breisgau,Germany
Rue de France,Brussel,France
Rue des Vieux-Grenadiers,Genève,Switzerland
Rue de l'Autonomie,Brussels,Belgium
Bennogasse,Vienna,Austria
Bd Emile Bockstael,Brussels,Belgium
Rue de l'Autonomie,Brussels,Belgium
Via Niccolò Machiavelli,Milan,Italy
,Sheffield,United Kingdom
Rue du Lombard,Brussels,Belgium
Untergath,Krefeld,Germany
Oudekerkstraat,Antwerpen,Belgium
,Gevelsberg,Germany
Rue Henri Murger,Paris,France
,Wetzlar,Germany
Rue du Faubourg Saint-Honoré,Paris,France
Rue du Progrès,Brussels,Belgium
,Ilford London,United Kingdom
,New York,United States
Steinenvorstadt,Basel,Switzerland
,Wöllersdorf,Austria
,Düsseldorf-Benrath,Germany
Kastanienallee,Berlin,Germany
,Offenbach,Germany
,Düsseldorf,Germany
,Düsseldorf,Germany
Kaiser-Friedrich-Straße,Berlin,Germany
,Wellington Rd,Scotland
Sanderusstraat,Antwerpen,Belgium
Kurfürstenstraße,Frankfurt,Germany
,Zeulenroda,Germany
,Düren,Germany
Rue Joseph II,Brussels,France
,Raguhn,Germany
Rue de Caumartin,Paris,Belgium
Windmühlgasse,Vienna,Austria
Van Wesenbekestraat,Antwerpen,Belgium
Rue de l'Etuve,Brussels,Belgium
Rue du Chasseur,Brussels,Belgium
,Reutlingen,Germany
,Bielefeld,Germany
Quai St Léonard,Liège,Belgium
,Genève,Switzerland
Rue Gallait,Brussels,Belgium
10 East 40th Street,New York,United States
,Remscheid,Germany
,Stuttgart,Germany
Bayreuther Str.,Berlin,Germany
Willow Ave,New Jersey,United States
Kauffahrtei,Chemnitz,Germany
Oberländer Ufer,Cologne,Germany
Wielandstraße,Berlin,Germany
Rue de la Raquette,Gent,Belgium
,Chemnitz,Germany
Mark Ln,London,United Kingdom
Rue Mommaerts,Brussels,Belgium
,Brussels,Belgium
,Oestrich-Winkel,Germany
Quai de Rome,Liège,Belgium
,Kreuznach,Germany
361 W. Superior St,Chicago,United States
Jägerwirtstraße,Munich,Germany
Lahnstraße,Berlin,Germany
,Dresden,Germany
,Wedel,Germany
,Rathenow,Germany
Schlesische Str.,Berlin,Germany
Budapester Str.,Berlin,Germany
,Antwerpen,Belgium
,Herstal,Belgium
Boulevard de Dixmude,Brussels,Belgium
,Brussels,Belgium
Raapstraat,Antwerpen,Belgium
Muskauer Str.,Berlin,Germany
,Frankenthal,Germany
,Düsseldorf,Germany
Nachodstraße,Berlin,Germany
Route de Frans,Villefranche-sur-Saone,France
,Bielefeld,Germany
Simon Stevinweg,Hilversum,Netherlands
Av. de l'Observatoire,Liège,Belgium
,Dortmund Hörde,Germany
Van der Grintenstraat,Venlo,Netherlands
,Broadway,United States
Rungestraße,Berlin,Germany
Bridewell Pl,London,United Kingdom
Rue Royale-Sainte-Marie,Brussels,Belgium
,Genève,Switzerland
Bd du Jubilé,Brussels,Belgium
,Neu Isenburg Frankfurt,Germany
,Leipzig,Germany
,Freudenstadt Schwarzwald,Germany
Van der Keilenstraat,Antwerpen,Belgium
,Gent,Belgium
Rue d'Aerschot,Brussels,Belgium
,Brussels,Belgium
Kirchenallee,Hamburg,Germany
Meir,Antwerpen,Belgium
,Neustadt Haardt,Germany
,Kreuzau Düren,Germany
,Neidenfels,Germany
,Nürnberg,Germany
,Liège,Belgium
Rue des Confédérés,Brussels,Belgium
,Kreuzau Düren,Germany
Rue Traversière,Brussels,Belgium
Generaal Capiaumontstraat,Antwerpen,Belgium
Hirschengasse,Vienna,Austria
Pl. de la Vieille Montagne,Liège,Belgium
,Chicago,United States
,Rastatt,Germany
,Prague,Czechia
Rue de Mérode,Brussels,Belgium
,Siegen,Germany
,Werdohl,Germany
,Ilmenau,Germany
Rue de l'Automne,Brussels,Belgium
Rue de Milan,Paris,France
Barnecker Str.,Leipzig,Germany
Rue de Toul,Lille,France
,New York,United States
Görschstraße,Berlin,Germany
Johanniterstraße,Berlin,Germany
,Dresden,Germany
,Berlin,Germany
Kaiser-Friedrich-Straße,Berlin,Germany
,Dresden,Germany
,Brno,Czechia
Lerchenfelder Gürtel,Vienna,Austria
,Chemnitz,Germany
,Munich,Germany
,Berlin,Germany
Friedrichstraße,Berlin,Germany
,Oedt,Germany
,Munich,Germany
,Heidenau,Germany
,Feuerbach Württbg,Germany
,Berlin,Germany
,Dresden,Germany
,Dresden,Germany
,Wandsbek,Germany
,Heilbronn,Germany
Kaiserstraße,Frankfurt,Germany
,Heidelberg,Germany
,Wuppertal-Oberbarmen,Germany
,Mulda,Germany
,Gladbach,Germany
,Berlin,Germany
,Stuttgart,Germany
Schloßstraße,Stuttgart,Germany
,Wetzlar,Germany
,Düsseldorf,Germany
,Dresden,Germany
,Jena,Germany
,Dresden,Germany
,Berlin ,Germany
,Berlin,Germany
,Augsburg,Germany
,Magdeburg,Germany
Hospitalstrasse,Kiel,Germany
,Nürnberg,Germany
,Dresden,Germany
,Glashütte,Germany
,Hamburg,Germany
,Bolesławiec,Poland
,Hemelingen-Bremen,Germany
,Hamburg,Germany
,Nerchau,Germany
,Dresden,Germany
,Philippsburg Baden,Germany
,Berlin,Germany
Christburger Str.,Berlin,Germany
,Unterburg,Germany
,Köln,Germany
,Bingerbrück,Germany
,Berlin,Germany
,Freiburg im Breisgau,Germany
Kochstraße,Berlin,Germany
,Munich,Germany
,Frankfurt,Germany
Gneisenaustraße,Berlin,Germany
Krifteler Str.,Frankfurt,Germany
,Berlin,Germany
,Schwabach,Germany
,Dermbach Thüringen,Germany
,Soest,Netherlands
Gabelsbergerstraße, Leipzig,Germany
,Erlangen,Germany
,Frankfurt,Germany
,Dresden,Germany
Haidequerstraße,Vienna,Austria
,Doornik,Belgium
Tudor Street,London,United Kingdom
,Ruhr,Germany
Rue de l'Est,Paris,France
,Nürnberg,Germany
,Halle,Germany
,New York,United States
,Boston,United States
,Annecy,France
,Massachussetts,United States
W Monroe St,Chicago,United States
Wood St,Liverpool,United Kingdom
Avenue des Villas,Brussels,Belgium
,Nürnberg,Germany
Kleist Str.,Leipzig ,Germany
Impasse Lemière,Paris,France
Rue Royale-Sainte-Marie,Brussels,Belgium
Lutherstraße,Berlin,Germany
Vaartstraat,Brussels,Belgium
Wijnhaven,Rotterdam,Netherlands
Rheinbergerstraße,Munich,Germany
,Schöppenstedt,Germany
Buurmanstraat,Utrecht,Netherlands
,Hagen,Germany
Zwickauer Str.,Dresden,Germany
Hermannstraße,Berlin,Germany
Rue Bobillot,Paris,France
Mohrenstrasse,Berlin,Germany
Senne straat,Brussels,Belgium
Zwickauer Str.,Dresden,Germany
Rue des Gatines,Paris,France
Anderlechtstraat,Brussels,Belgium
West Jackson Boulevard District,Chicago,United States
,Radebeul-Dresden,Germany
,New York,United States
Langegang,Antwerpen,Belgium
,Antwerpen,Belgium
,Delft,Netherlands
,Towanda,United States
Boul. de la Bastille,Paris,France
Av. de Haveskercke,Brussels,Belgium
Rue Michel Zwaab,Brussels,Belgium
,Chemnitz,Germany
Quai de Rome,Liège,Belgium
Krausenstraße,Cologne,Germany
,Cologne,Germany
Wielandstraße,Berlin,Germany
,Sundern,Germany
Rue des Alliés,Brussels,Belgium
Ernest Renardstraat,Brussels,Belgium
,Winschoten,Netherlands
,Velbert,Germany
,Brussels,Belgium
,Bremen,Germany
Via Filodrammatici,Milano,Italy
Amerikalei,Antwerpen,Belgium
,Brussels,Belgium
,Hagen,Germany
,Warrington,United Kingdom
,Brussels,Belgium
,Hagen,Germany
,Frankfurt,Germany
,Görlitz,Germany
, Radevormwald Rhld,Germany
,Sundern,Germany
,Lüdenscheid,Germany
,Lüdenscheid,Germany
Grosse Frankfurterstrasse,Berlin,Germany
,Calw Württbg,Germany
, Berlin,Germany
,Berlin,Germany
Luxemburger Str.,Munich,Germany
,Bingen,Germany
,Hamburg,Germany
,Neuerburg,Germany
,Bad Cannstadt,Germany
,Leipzig,Germany
,Berlin,Germany
Darmstaedterstrasse,Berlin,Germany
Rue d'Aerschot,Brussels,Belgium
Rue du Progrès,Brussels,Belgium
,Hamme,Belgium
,Hannover,Germany
Victoria St.,London,United Kingdom
,Schwetzingen,Germany
Residenzstraße,Berlin,Germany
,Stuttgart,Germany
Rosenheimer Str.,Munich,Germany
Fuldastraße,Berlin,Germany
,Michendorf,Germany
,Dresden,Germany
Reichenberger Str.,Berlin,Germany
Nottebohmstraat,Antwerpen,Belgium
Gneisenaustrasse,Berlin,Germany
,Brussel,Belgium
,Ixelles,Belgium
,Antwerpen,Belgium
,Brussel,Belgium
,Dotzheim,Germany
,Brussel,Belgium
,Berlin,Germany
,Karlsruhe Rheinhafen,Germany
,Troisdorf,Germany
,Turnhout,Belgium
Rue Saint-Joseph,Brussels,Belgium
Rue Ed. Faes Jette,Brussels,Belgium
Klausenburger Str.,Vienna,Austria
,Stuttgart,Germany
Nicolaistrasse,Dresden,Germany
Bärenstrasse,Dresden,Germany
Ringstrasse,Dresden,Germany
,Stadtilm,Germany
Langgasse,Vienna,Austria
Ludwigstraße,Braunschweig,Germany
,Chemnitz,Germany
,Hagen,Germany
Schoonzichtstraat,Brussels,Belgium
,Soignies,Belgium
,Marche,Belgium
,Ham-sur-Heure-Nalinnes,Belgium
,Profondeville,Belgium
,Marlois,Belgium
,Luxembourg,Luxembourg
,Haversin,Belgium
,Chaussée de Louvain Vilvorde,Belgium
,Perwelz (Hainaut),Belgium
,Manage,Belgium
,Merbes le Chateau,Belgium
,à Denderleuw,Belgium
,Ecaussines,Belgium
,Audenaerde,Belgium
,Enghien,Belgium
,Anderlecht,Belgium
,Tournai,Belgium
,Sarrebourg,France
,Strasbourg,France
,Strasbourg,France
,Florange,France
Rue Fouquenghien,Brussels,Belgium
Favoritenstraße,Vienna,Austria
Mügelner Str.,Dresden,Germany
,Göttingen,Germany
,Rolle,Switzerland
,Brussels,Belgium
,Aachen,Germany
,Düsseldorf,Germany
,Ludwigshafen,Germany
,Paris,France
,Labuissière,Belgium
Rue du Meridien,Brussels,Belgium
,Herstal,Belgium
,Kaiserslautern,Germany
Chée de Charleroi,Brussels,Belgium
,Wiesbaden Biebrich,Germany
,Bully les Mines,France
Bd des Vignes,Marseille,France
Via Lambertesca,Firenze,Italy
Aeschenvorstadt,Basel,Switzerland
,Leipzig,Germany
,Württemberg,Germany
,Villefranche-sur-Saone,France
Arenbergstraat,Antwerpen,Belgium
Rue du Prince Albert,Brussels,Belgium
Rue du Bois,Asnières,France
,Liège,Belgium
,Brussels,Switzerland
,West Hollywood California,United States
Bd Charlemagne,Brussels,Belgium
Old Jewry,London,United Kingdom
Rue des Palais,Brussels,Belgium
Rue Goffart,Brussels,Belgium
Rue Cardinal Mercier,Paris,France
,Mannheim Rheinau,Germany
,Mainz,Germany
Av. de l'Hippodrome,Brussels,Belgium
Rue Roux de Brignolles,Marseille,France
Three Mill Ln,London,United Kingdom
,Messina,Italy
Whitehall ,London,United Kingdom
Rue Montagne aux Herbes Potagères,Brussels,Belgium
Italiëlei,Antwerpen,Belgium