Original_Text,City,Country
"Deutsch Hydrierwerke Akt. Ges. Rodleben
Agt. Hans Bonn Brussel
Cie Belge du Gaz Catalytique Brussel
7 rue de la Jonction",,
"Etabl. Lambiotte Frères Premery
Lonza Usines electriques et chimiques
Viege
Aeschenvorstadt 72 Bâle",Basel,Switzerland
"F. de la Croix Constructeur
54 Rue de l Ste Hélène Brussel",Brussels,Belgium
"Essigsäure Gesellschaft m.b.H.
Syndicat des fabr. Francfort s/M
Suivantes d'acide acetique:
I. G. Farbenindustrie Akt. Ges Höchst
Holzverkohlungs Ind. Akt. Ges. Constanz
Verein für Chem. Ind. Akt. Ges Francfort
Dr Alexander Wacker Ges. für elektrochemische
Industrie G.m.b.H. München",Frankfurt,Germany
"Gebrüder Geyer
Metall & Bronzefarbenwerke
Mühlstetten b/ Nürnberg",Nuremberg,Germany
"The Atlas Metal & Alloys Co Ltd
Agts H. Janssens Raymaekers Fils
Venusstr. 14-16 Antwerpen",Antwerp,Belgium
"Flipo & Struyve Place de la gare
Laines
Tourcoing",Tourcoing,France
"Robert Victor Neher Ltd
Aluminium rolling mills
Emmishofen (Zwitserland)",,
"Reynolds Metals Company
United States Foil Division
Louisville Ky U.S.A.",Louisville,United States
"Societa Italiana Laminazione Alluminio
Societa Anonima Sede Alessandria
Alessandria
Italia",União da Serra,Brazil
"Ph. Rosenbaum 27 rue de la Buanderie
Brussel",Brussels,Belgium
"Snoeck Ducaju Fils
rue du Roseau 68-70 Gent",Rue,France
"Snoeck Ducaju Fils
rue du Roseau 68-70 Gent",Ghent,Belgium
"Dr Alexander Wacker G.m.b.H.
Munich",Munich,Germany
L. Auerbach & Co Fürth Bayern,,
Georg Benda A.G. Nürnberg,Nuremberg,Germany
"Bronzefarbenwerke Akt Ges.
vorm. Carl Schlenk
Barnsdorf bei Nürnberg",Nuremberg,Germany
"N. Berg & Co
Fürstenwalde a. d. Spree
Postfach 60",,
"Aktien Gesellschaft für Zink Industrie
Vorm. Wilhelm Grillo Hamborn a/R",,
"Hollandsche Papier Industrie
E. De Vries . Cie 2 Place de Brouckère
Bruxelles
Agenten van Metallpapier Gesellschaft
Münich",Brussels,Belgium
"Leipziger Buchbinderei A.G.
Ritterstr. 90 Berlin S. 42",,
Kurt Peters,,
"Gummi Asbest & Schutzkleiderfabrik
Leipzig W 33 Angerbrücke",Leipzig,Germany
"Comptoir Français de Grés
& industries chimiques
3 Cité d'Hauteville Paris 10",Mexico City,Mexico
"Comptoir Français de Grés
& industries chimiques
3 Cité d'Hauteville Paris 10",Hauteville,France
"Comptoir Français de Grés
& industries chimiques
3 Cité d'Hauteville Paris 10",Paris,France
"Fabbriche Riunite Metalli
in foglie e in polvere S.A.,
Abbiategrasso",Abbiategrasso,Italy
"Ide Automatenfabrik G.m.b.H.,
Berlin-Reinickendorf
Sommerstrasse 15/25",,
"Andreas Moser Ing.
Feineisen Konstruktionen
Breitestrom 16 a Berlin Pankow",Pankow,Germany
"Andreas Moser Ing.
Feineisen Konstruktionen
Breitestrom 16 a Berlin Pankow",Berlin,Germany
"Horentz & Stoy Maschinenfabrik
Chemnitz",Chemnitz,Germany
"Awans-François Sté Ame
Liège",Liège,Belgium
"Stettiner Spritwerke G.m.b.H.
Stettin
Vertegw. L.F. Will & C° Amsterdam",Szczecin,Poland
"Stettiner Spritwerke G.m.b.H.
Stettin
Vertegw. L.F. Will & C° Amsterdam",Amsterdam,Netherlands
"Dr Alexander Wacker
Ges. für électrochemische Industrie
Prinzregentenstr. 20 München",Munich,Germany
"The Cape Asbestos Company Ltd
Morley House 26-30 Holborn Viaduct
London E C 1
Vertegw. Jos Ide 27 rue de la Concorde
Brussel",Greater London,United Kingdom
"The Cape Asbestos Company Ltd
Morley House 26-30 Holborn Viaduct
London E C 1
Vertegw. Jos Ide 27 rue de la Concorde
Brussel",Brussels,Belgium
"~~Dr Alexander Wacker Munich~~
N.V. Chemische Fabriek Gembo
Winschoten",,
"Nozaki Bros & C° Ltd
Shosen Bldg N° 5 Bund
Kobe",Kobe,Japan
"Fabriques de Produits Chimiques
Billault
11 Rue de la Baume Paris (8)",Paris,France
Gebr. Scheuch Bremen 10,Bremen,Germany
"Vtgt. Marius Juncke
79 Av. de l'Armistice
Berchem
Antwerpen",Antwerp,Belgium
"A. Bogaerts
Bd du Jardin Botanique 48
Brussel",Jardin,France
"A. Bogaerts
Bd du Jardin Botanique 48
Brussel",Brussels,Belgium
"Polte Armaturen - Maschinenfabrik
Poltestrasse Magdeburg",Magdeburg,Germany
"William Barton & Sons Edinburgh
Vertegw. N.V. Geveke & C°
Technisch Bureau Amsterdam",Amsterdam,Netherlands
"A. M. Erichsen
Mechanische Werkstätten
Elbestrasse 5 Berlin
Teltow",Berlin,Germany
"A. M. Erichsen
Mechanische Werkstätten
Elbestrasse 5 Berlin
Teltow",Teltow,Germany
"Dückoppwerke
Bielefeld",Bielefeld,Germany
"Sté An. du Ferro. Manganèse
Rue des Prémontrés 12 Liège",Liège,Belgium
"Vertegw. van
Union Carbide & Carbon Chemicals
Corporation New York",,
"Sté des Produits Chimiques de Clamecy
Usine & bureaux à Clamecy (Nièvre)",Clamecy,France
"Miyako Shokai
(Miyako & Co) 5 Rue des Arquebusiers
Antwerpen",Antwerp,Belgium
"M. Mishima & Co Ltd
60 Onoyedori 4-chome Kobe",Kobe,Japan
"Chemische Fabrik Stockhausen
Velten (Mark)",Marks kommun,Sweden
"Chemische Fabrik Cotta E. Heuer
Dresden A29",Dresden,Germany
"E. Mengé & L. De Vogel Warandestraat 97
Turnhout",Turnhout,Belgium
"Solvay & Cie 32 Rue du Prince Albert
Brussel",Brussels,Belgium
"Le Paratonnerre Belge Groote Markt
Antwerpen 26
H. De Grauwe 26 Jordaensstraat
Antwerpen",Antwerp,Belgium
"Benteler Werke Act. Ges. Bielefeld
E. J. Leonard Vertegen Brussel
87 Rue des Aquatiques",Bielefeld,Germany
"Hérion Maurice, Ingénieur.
Ahin - lez - Huy. Belgique.
( Fonderie de fer & Cuivre. )",Huy,Belgium
"Comptoir de Produits Chimiques &
Industriels 44 rue de la Glaisière
Antwerpen",Antwerp,Belgium
"Fabrique Nationale d'Appareils de
Pesage
Cuesmes lez Mons",Mons,Belgium
"A. M. Erichsen Berlin Steglitz
Erlandstrasse 1",,
"J. B. Van Den Broeck Blles
rue Antoine Dansaert 186-188",,
"Sachsse & Scheidt Berlijn
Verteg. Alb. Couvreur 78 rue Gallait
Blles",Rue,France
"Heinrich Fröbel Nachf.
Carolinenstr. 20 Hamburg 6",Hamburg,Germany
"Sté An. des Produits Chimiques de
Mons
66 Avenue des Bassins Mons",Mons,Belgium
"Anciens Etabl^ts^ Carton Lachambre
L. Battat Succ
37 Rue de Paradis Paris (X^e^)
J. Angerbach 26 Av. des Alliés Charleroi",Charleroi,Belgium
"Anciens Etabl^ts^ Carton Lachambre
L. Battat Succ
37 Rue de Paradis Paris (X^e^)
J. Angerbach 26 Av. des Alliés Charleroi",Les Alliés,France
"Wilhelm Priem, C^o^ G.m.b.H. Magdeburg
Agt. J. Duvivier. Fils Coneux",,
"Travail Mécanique de la Tôle
Rue des Anciens Etangs
Brussel-Vorst.",Forest - Vorst,Belgium
"Le Bois Manufacturé
460 Chaussée de Mons Brussel",Bois,France
"Le Bois Manufacturé
460 Chaussée de Mons Brussel",La Chaussée,France
"Le Bois Manufacturé
460 Chaussée de Mons Brussel",Mons,Belgium
"Le Bois Manufacturé
460 Chaussée de Mons Brussel",Brussels,Belgium
"Karl Schenck Eisengiesserei &
Darmstadt Maschinenfabrik
Vertr. O. Lepersonne Liège
52 Avenue Blonden",,
"Bequisse Père & Fils
542 Chaussée de Wavre
544 Etterbeek Brussel",La Chaussée,France
"Bequisse Père & Fils
542 Chaussée de Wavre
544 Etterbeek Brussel",Wavre,Belgium
"Bequisse Père & Fils
542 Chaussée de Wavre
544 Etterbeek Brussel",Etterbeek,Belgium
"Bequisse Père & Fils
542 Chaussée de Wavre
544 Etterbeek Brussel",Brussels,Belgium
"Georg Hauck
Eisen und Walzwerks Erzeugnisse
Haus Schwerthof Postfach 229
Köln",Haux,France
"Georg Hauck
Eisen und Walzwerks Erzeugnisse
Haus Schwerthof Postfach 229
Köln",Cologne,Germany
"Wallace Clark & Co
25 Av. Victor Emmanuel
Paris (8')",Paris,France
"A. J. Van Geney
9 Rue d'Aerschot
Antwerpen",Antwerp,Belgium
"Heinrich Blücher
Fabrik technischer Bürsten
Spremberg
Nieder-Lausitz",,
"Great Lakes Chemical Corp
Filer City Michigan",,
"American Potash & Chemical Corp
70 Pine Str. New York City",New York,United States
"Mitteldeutsche Stahlwerke Akt. Ges.
Riesa/Elbe",Riesa,Germany
"J. T Baker Chemical Cy
General Offices and Plant
Phillipsburg New Jersey",,
"Pyrowerk Dr Rudolf. Les Compteurs
Vertgw. L. La Roche. [Ingénieur?] Civil des Mines Blles",,
"Chemische Fabrik """"Lipsia"""" [?]
Agt. Alf. Cloquette / 22 Av. de Blles
Luik",Leipzig,Germany
"Chemische Fabrik """"Lipsia"""" [?]
Agt. Alf. Cloquette / 22 Av. de Blles
Luik",Liège,Belgium
"Sté An. des Ateliers de Construction
Jules Demarteau Herstal by Liège",Liège,Belgium
"N.V. Turnhoutsche Centrale Verwarming
voorheen Raynissen. Co Turnhout",Turnhout,Belgium
Wolff. Co Walsrode,,
"American British Chemical Supplies
15 East 26th Street New York N.Y.",,
"Asbest & Gummiwerke Alfred Calmon
Hamburg
Vertgw. C. Booten 59 r. du Page Blles",Hamburg,Germany
"Victor Animatograph Company
Davenport Iowa U.S.A.",Davenport,United States
"Chemische Fabrik """"Lipsia""""
Agt. Alf. Cloquette Luik",Leipzig,Germany
"Chemische Fabrik """"Lipsia""""
Agt. Alf. Cloquette Luik",Liège,Belgium
"Sté Commerciale de Carbure de
Calcium, Boulevard Adolphe Max 112A
Aangesloten huizen:
  1. Acéméta Sté Anme
  2. Appareils Magondeaux, Namur
  3. Citalo Sté Anme.
  4. Comptoir Belge de Carbure de Calcium
  5. """" de fers & Métaux Sté Anme
  6. Etabl. G. & J. Van Den Poel.
  7. Oxhydrique Internationale Sté Anme",Namur,Belgium
"Lonza Usines électriques et chimiques
Vorstadt 72 Bâle",Basel,Switzerland
"Wolff G.m.b.H. Leipzig
Lortzingstr 7",,
"J. Voegele Zählerfabrik G.m.b.H.
Schwenningen am Neckar
Württemberg",Schwenningen,Germany
"R. Planche . C<u>ie</u> 5 Route de Tarare
Villefranche (Rhone)",Villefranche-d'Astarac,France
"Rollin & C<u>ie</u> Steinbach
Manufacture Alsacienne de Caoutchouc par Cernay
Ht. Rhin
Agt. Ern. Leser
1 Arenbergstr. Antwerpen",Antwerp,Belgium
"Solvay & C<u>ie</u> Rue du Prince Albert 33
Brussel",Brussels,Belgium
"Etablissements Alba
7 rue du Bois Asnières (Seine)",,
Steinle & Hartung Quedlingburg,,
"S<u>té</u> An. des Moteurs
Ateliers de Construction Schlessin
lez Liège",Liège,Belgium
"Landis & Gyr S.A. Zoug Zwitserland
Vertr. Edm. Lejour 165 Bd. des Hortensias
Brussel",Brussels,Belgium
"Mitchell Camera Corporation
665 North Robertson Boulevard
West Hollywood California",West Hollywood,United States
"Mitchell Camera Corporation
665 North Robertson Boulevard
West Hollywood California",Hollywood,United States
"Taylor Instrument Companies
Rochester N.Y.
Hänni & C<u>ie</u>
Jegenstorf (Bern)
Agt. Parfonry & Lielens
50<u>b</u> Quai Charbonnages
Bxl",City of Rochester,United States
"Taylor Instrument Companies
Rochester N.Y.
Hänni & C<u>ie</u>
Jegenstorf (Bern)
Agt. Parfonry & Lielens
50<u>b</u> Quai Charbonnages
Bxl",Bern,Switzerland
"The Gas Light & Coke C<u>y</u>
Dauntsey House Frederick's Place
Old Jewry London E.C.2",,
"Cie Belge pr la Fabrication des Compteurs
Gaz Eau & Electricité & Materiel
151/155 Rue des Palais Blles",,
"Emil Mühlmann Viersen
Agt: Eug. Blasberg
81 rue Gofart Blles",,
"La Ouatose Domène (Isère).
Agt. Fernand Hebert
3 rue Cardinal Mercier Paris",Paris,France
"Chemische Fabrik Buckau
Mannheim Rheinau",Rhinau,France
"Chemische Fabrik Buckau
Mannheim Rheinau",Mannheim,Germany
"Elster. Co Akt. Ges. Mainz
Gasmesserfabrik",Mainz,Germany
"O. E. T. C. 129 Rue Dumaniant
Clermont Ferrand
Vertgw.
Lebrun, Mourmant
154 Avenue de l'Hippodrome
Brussel",Clermont-Ferrand,France
"O. E. T. C. 129 Rue Dumaniant
Clermont Ferrand
Vertgw.
Lebrun, Mourmant
154 Avenue de l'Hippodrome
Brussel",Clermont,France
"O. E. T. C. 129 Rue Dumaniant
Clermont Ferrand
Vertgw.
Lebrun, Mourmant
154 Avenue de l'Hippodrome
Brussel",Brussels,Belgium
"Anc. Etablts Mante. Cie
8 Rue Roux de Brignolles Marseille",,
"Kemball Bishop. Co Ltd
Crown Chemical Works
Three Mill Lane Bromley by Bow
London E 3",Greater London,United Kingdom
"W. Sanderson & Sons
Oates & Bosqugi (Succrs)
Messina",Messina,Italy
"James A. Sinclair Co Ltd
3 Whitehall London S.W. 1",Greater London,United Kingdom
"Manufacture de Caoutchouc Industriel
P. Lufbery 50-52 Cours de la
République
Villeurbanne lez Lyon
Vertgw. M.M. Birencweig. Co
30 rue Montagne aux Herbes Potagères
Brussel",Lyon,France
"Manufacture de Caoutchouc Industriel
P. Lufbery 50-52 Cours de la
République
Villeurbanne lez Lyon
Vertgw. M.M. Birencweig. Co
30 rue Montagne aux Herbes Potagères
Brussel",Rue,France
"Manufacture de Caoutchouc Industriel
P. Lufbery 50-52 Cours de la
République
Villeurbanne lez Lyon
Vertgw. M.M. Birencweig. Co
30 rue Montagne aux Herbes Potagères
Brussel",Montagne,France
"Manufacture de Caoutchouc Industriel
P. Lufbery 50-52 Cours de la
République
Villeurbanne lez Lyon
Vertgw. M.M. Birencweig. Co
30 rue Montagne aux Herbes Potagères
Brussel",Brussels,Belgium
"A. Blokzijl.
Italiëlei, 209.
Antwerpen.",Antwerp,Belgium
"Sapeco 645 Ch. d. Waterloo
Brussel",Brussels,Belgium
"Thomas Broadbent & Sons Ltd
Huddersfield",Huddersfield,United Kingdom
"Cinematirage L. Maurice
66 Rue St Denis Gennevilliers
(Seine)",,
"E. Schnurrenberger
13 Bld Dixmude Paris",Diksmuide,Belgium
"E. Schnurrenberger
13 Bld Dixmude Paris",Paris,France
"Vereinigte Chininfabriken Zimmer & Co
Frankfurt a/M.
Verkaufsburo Mannheim Waldhof",Frankfurt,Germany
"Kemball Bishop & Co Ltd
Crown Chemical Works
Three Mill Lane Bromley by Bow
London E.3",Greater London,United Kingdom
"Friedrich Goetze Act. Ges. Burscheid
bei Köln",Cologne,Germany
"Chromo lithographie, Fr. De Smedt
Walenstraat 14-16, Antwerpen",Antwerp,Belgium
"Raoul Bouffioulx 99 Amerika lei
Antwerpen",Antwerp,Belgium
"René Van Aert Antwerpen
Oude Kerkstraat 34",Old Town,Czechia
"Maurice Renaux Borgerhout
29 Spillemansstraat",,
André Gerschel 8 rue Holcomb Bxl,Brussels,Belgium
"Renaux Maurice
Spillemansstraat 29. Borgerhout.",,
"N.V. Gazelle Rijwielfabriek
Dieren (Holland)
Antwerpen Montensstr. 86.",,
"Diagramm Halbach
Dortmund Horde",Dortmund,Germany
"Gebr. Hartmann
Ammendorf bei Halle",Halle (Saale),Germany
"Springer & Möller Farbenwerke
Leipzig
Vertr. Etablts Gustave Allos
Chaussée de Helmet 184-186
Brussel",Leipzig,Germany
"Springer & Möller Farbenwerke
Leipzig
Vertr. Etablts Gustave Allos
Chaussée de Helmet 184-186
Brussel",La Chaussée,France
"Springer & Möller Farbenwerke
Leipzig
Vertr. Etablts Gustave Allos
Chaussée de Helmet 184-186
Brussel",Brussels,Belgium
"Vakuum Trocknung
Emil Passburg & Berthold Block G.m.b.H.
Berlin-Charlottenburg, 4
Dahlmannstrass, 12",,
Carl Schimpf Nuernberg,Nuremberg,Germany
"Etablts Henri Vanrullen
Vanrullen Frères Sucrs / Wervicq",,
"Fabrique de Decalcomanies
et de transparents
A. De Wit Rue du Moulin 22
Diest",Diest,Belgium
"Deutsche Vacuumapparate G.m.b.H.
Rudolstädterstras 3 Erfurt
Agt: Jules Dapsens
63 Rue des Champs Elysées Brussel",Erfurt,Germany
"Deutsche Vacuumapparate G.m.b.H.
Rudolstädterstras 3 Erfurt
Agt: Jules Dapsens
63 Rue des Champs Elysées Brussel",Champs,France
"Deutsche Vacuumapparate G.m.b.H.
Rudolstädterstras 3 Erfurt
Agt: Jules Dapsens
63 Rue des Champs Elysées Brussel",Brussels,Belgium
"1o. <u>Otto Gebhard</u>, Kaiser Friedrichstr. 50, Neukölln.
Dia-Aufbewahrungskästen",Neukölln,Germany
"2o. <u>Meteor-Lampen G.m.b.H.</u> , Siegen i. Westf.
Dunkelkammer-einrichtungen.",Siegen,Germany
"2o. <u>Meteor-Lampen G.m.b.H.</u> , Siegen i. Westf.
Dunkelkammer-einrichtungen.",Halle (Westf.),Germany
"3o. <u>Kindermann Co</u> Berlin-Tempelhof
Dunkelkammer-einrichtungen",,
"4o. <u>Max Köhler</u>, Bärensteinerstr. 10, Dresden A.
Waschapparate & Entwicklungsdosen",Dresden,Germany
"5o. <u>Erni Fotowerk</u> Marklissa / Schl.
Rollfilmentwicklungsdosen",,
6o. <u>Erwin F. Hildenbrand</u> Konstanz 2/17,Constance,Germany
Westfälische Drahtindustrie,,
Hamm Westphalen,Frederico Westphalen,Brazil
Hamm Westphalen,Hamm,Germany
Vertgw. René Regnard,,
231 Boite postale Brussel,Brussels,Belgium
G. Kärger Fabrik für Werkzeugmaschinen,,
Krautstr. 52 Berlin O 27.,Berlin,Germany
"Horst Wolf G.m.b.H. Georgring 7
Gummi Guttapercha u Asbest f Leipzig
Waren Fabrik",Asbest,Russia
"Horst Wolf G.m.b.H. Georgring 7
Gummi Guttapercha u Asbest f Leipzig
Waren Fabrik",Leipzig,Germany
"Fabrique Suisse d'Isolants
Breitenbac (Soleure)
Agt. H. Janssen-Toulon 41 Rubensstr. Bxlle",,
J. B. Wiegand Gosselies,,
"Sté An. Les Ateliers R. de Malzine
Sclessin lez Liège",Liège,Belgium
"Ferrari & Cattania S.A.
Milano (124) 27 Via Valparaiso
(gio Via Cola di Rienzo)",Milan,Italy
"Ferrari & Cattania S.A.
Milano (124) 27 Via Valparaiso
(gio Via Cola di Rienzo)",Valparaiso,United States
"C. A. General Agencies
11 Rue des Chartreux, Brussel",Brussels,Belgium
"Cie Lorraine de Charbons
pr l'Electricité 12 rue d'Aguesseau
Paris
Agt. C. Viciani
22 Avenue du Port Brussel",Rue,France
"Cie Lorraine de Charbons
pr l'Electricité 12 rue d'Aguesseau
Paris
Agt. C. Viciani
22 Avenue du Port Brussel",Paris,France
"Cie Lorraine de Charbons
pr l'Electricité 12 rue d'Aguesseau
Paris
Agt. C. Viciani
22 Avenue du Port Brussel",Port,France
"Cie Lorraine de Charbons
pr l'Electricité 12 rue d'Aguesseau
Paris
Agt. C. Viciani
22 Avenue du Port Brussel",Brussels,Belgium
"C. Robert Dold Offenburg
Agt: Gaston Chertoy
33 Bd De Smet De Nayer Blles",,
Gebr. Ruhstrat Act. Ges. Göttingen,Göttingen,Germany
"Em. Van der Fraenen
18 Chaussée de St Amand
Tournai",La Chaussée,France
"Em. Van der Fraenen
18 Chaussée de St Amand
Tournai",Saint-Amand,France
"Em. Van der Fraenen
18 Chaussée de St Amand
Tournai",Tournai,Belgium
"Emaillierwerk Gottfried Dichanz
Berlin S.O. 36
Taborstr. 11",Berlin,Germany
Voigt & Haeffner A.G.,,
Frankfurt a/M.,Frankfurt,Germany
Agt. G. Van Begin. Cie,Chicago,United States
34 Rue Van de Weyer Brussel,Weyer,France
34 Rue Van de Weyer Brussel,Brussels,Belgium
Hartmann. Braun A.G. Frankfurt,Frankfurt,Germany
Agt. G. Van Begin 34 Rue Van de Weyer a/M,Weyer,France
Brussel,Brussels,Belgium
Emaillerie Koekelberg,,
L. Horickx J. O. Wolk. Co,,
46 rue Otlet Brussel,Brussels,Belgium
Norddeutsche Kabelwerke Akt. Ges.,,
Am Oberhafen Berlin Neukölln,Berlin,Germany
Am Oberhafen Berlin Neukölln,Neukölln,Germany
Gebrler Werke Akt. Ges,,
Eisengiesserei Emaillierwerk Apparaten,,
Radebeul bau,Radebeul,Germany
P. Gossen & Co,,
Fabrik elektrischer Messgeräte,,
Erlangen.,,
Zander & Co Erfurt,Erfurt,Germany
Grossbetrieb für Papier & Metallverarbeitung,,
Elektrotechnische Fabrik J. Carl,,
Oberweimar (Thür),,
Mechanische Weberei G.m.b.H.,,
Bad Lippspringe,,
"Trefileries Laminoirs, Fonderies",,
of Chauny à Paris,Paris,France
usine à Chauny,Chauny,France
Vertr. H. Allut. Co Gillon str. 69,,
Brussel 3,Brussels,Belgium
Diamond State Fibre Cy Bridgeport U.S.A,Bridgeport,United States
La Fibre Diamond La Plaine St Denis (Seine),Plaine,France
La Fibre Diamond La Plaine St Denis (Seine),Saint-Denis,France
Etabli. Barrier Valence (Drôme),Valencia,Spain
Algm. Vertw. L. Jean Berger,,
85 rue Ernest Charles Marcinelle,,
National Vulcanized Fibre Cy Wilmington,Wilmington,United States
Agt. H. Janssen Foulon Rubensstr 41,,
Brussel,Brussels,Belgium
Carl A. Bodenstein. Co Leipzig S.3,Leipzig,Germany
Peter Rada Metallwarenfabrik Frankfurth Rödelheim,,
Jackson Manufacturing Co.,Jackson,United States
18 Victoria Street London,Greater London,United Kingdom
Paul Justus G.m.b.H. Barmen,,
Wilhelmstr. 24,,
Eva Metal Works Ltd Prague Smichov,Smíchov,Czechia
Eva Metal Works Ltd Prague Smichov,Prague,Czechia
Barmer Maschinenfabrik Akt. Ges.,,
Lennep Rhld.,,
Sammet & Seiden Weberei,,
A. Weyermann Söhne Dülken,,
bei Crefeld,,
Ruetgerswerke Dohna,,
Vertgw. E. Dombret.,,
Avenue Albert Giraud 15 Blls,Albert,France
Fairchild Aerial Camera Corporation,,
270 West 38th Street,,
New York,New York,United States
"Kolen & Delhumeau,",,
"Rue des Gatines,",,
Paris (xx e),Paris,France
Armand Balthasar,,
Ing. Constr. 48 rue des Chartreux,Ingelheim am Rhein,Germany
Brussel,Brussels,Belgium
"Peter Roda Metallwarenfabrik
Frankfurt /M Rödelheim",Frankfurt,Germany
"Lytax-Werke Freiburg
Eschholzstrasse 96",,
"Cie Gen. de Filtrage des Eaux
44 rue La Boétie Paris 8e",Paris,France
"Rudolf Behr Georgstrass. 22
Leipzig-Gohlis",,
"Fusor Präzisions Spritz u Pressguss Ges.
Berlin Neukölln Hermannstr. 48",Berlin,Germany
"Willy Schuster Hagen Westf.
Vinckestrasse 39",,
"1° <u>Kurt Thienemann</u>, Vitzthumstr. 7, Dresden A.1.
Uniflex apparate",Dresden,Germany
"2° <u>Ernst Leitz</u> Wetzlar
Leica",,
"3° <u>Mentor Kamerafabrik</u> Dresden 60
Mentor-Reflex",,
"4° <u>Müller & Wetzig</u>, Nicolaistr. 15 Dresden A 16
Projektions- & Vergrösserung",Dresden,Germany
"5° <u>Wauckosin Co</u> Frankfurt Main
Plaubel-Makinette",Frankfurt,Germany
"6° <u>Ihagee Kamerawerk</u>, Steenbergen Co, Dresden-Striesen 49",,
7° <u>E. Weissenborn</u> Dresden N.6,Dresden,Germany
8° <u>Voigtländer Sohn</u> Braunschweig,Brunswick,Germany
9° <u>Zeiss-Ikon A. G.</u> Dresden,Dresden,Germany
Kingsway London W.C. 2,Greater London,United Kingdom
Braunschweig,Brunswick,Germany
Berlin S.O. 36,Berlin,Germany
Bielefeld,Bielefeld,Germany
Marienberg Sa 1,Marienberg,Germany
Dresden A. 16,Dresden,Germany
Rabenau-Dresden,,
Dresden A 16,Dresden,Germany
München 2 N.W.,Munich,Germany
Gummersbach Rhld.,Gummersbach,Germany
Dresden 28,Dresden,Germany
Röthenbach A. P. - Bayern,Rothenbach,Germany
Postfach 124 & 164 Düsseldorf,Dusseldorf,Germany
Strengenberg (mittelfranken),,
Fürth-Bayern,,
Kesselstr. 9      Berlin N.9,,
Dresden A 24,Dresden,Germany
Freital Sa.,Freital,Germany
Freiburg i. Br.,Freiburg im Breisgau,Germany
München 50,Munich,Germany
Dresden A 46/101,Dresden,Germany
Hannover,Hanover,Germany
Hannover,Hanover,Germany
"Wassertorstr. 14, Berlin S.42",Berlin,Germany
"Wassertorstr. 14, Berlin S.42",Salzburg,Austria
Hagen i. Westf.,Halle (Westf.),Germany
Hagen i. Westf.,Hagen,Germany
"Le Raincy près Paris

88 Avenue Jan Stobbaerts Brussel",Paris,France
"Le Raincy près Paris

88 Avenue Jan Stobbaerts Brussel",Brussels,Belgium
"Optische Werkstätte
Postfach 84 Jena",Jena,Germany
Schumacher'sche Fabrik,,
Bietigheim - Württemberg,,
R. Lannoy 39 rue Fagnart Jumet,Lannoy,France
"Deutsche Spiegelglas Akt. Ges.
Grünenplan bei Alfeld-Leine
S. Bendit. Söhne
Spiegelglas-Tafelglasfabriken Fürth (Bayern)",Alfeld (Leine),Germany
"Lommatzscher Glasfabrik Tonihütte
Lommatzsch i. Sach. G.m.b.H.",,
"Ruhr Glas Karnap Essen
Vertr. Jean Beaucamp
83 Avenue Lefort Hamoir
Brussel",Brussels,Belgium
"La Forminiere Rue Royale
(M Bourgeois) Brussel",Brussels,Belgium
"Chemische Werke Strem
Warschau",Warsaw,Poland
"Wilhelm Felder Nordwall 82-84
Crefeld
~~Usines Gheysen St Gilles~~
~~Van Lint str. 76~~",,
"Blank, Stoll Calw
(Wurtemberg)",,
"Houtwol Fabriek W. P. Gelen Frères
Hasselt.",Hasselt,Belgium
"Wilh. Lambrecht A.G.
Fabrik wissenschaftlicher Instrumenter
Göttingen",Göttingen,Germany
"Alois Kraus,
Schwabmünchen / Bay.",,
"Dr Christian Brunnengräber
Lubeck",Lübeck,Germany
"1° <u>Adolf Brückan Jr.</u> Bethanienufer 5, Berlin S.O. 36

2° <u>Hordel C°</u>, Pragerstr. 5, Berlin W 50
"""" Matador ",Berlin,Germany
"Alfred F. Bosshardt
15 Schoonzichtstraat Brussel",Brussels,Belgium
N.V. Liègeol Kleine kaai 7 Lokeren,Lokeren,Belgium
"Bigot Schärfe & C°
Chemische Fabrik Hamburg
Kirchenallee 25",,
"Sté de Traitement Chimique des
Algues
Usine de Penloc'h à Tregunc
(Finistère)",Trégunc,France
"Henri De Caluwé - De Velder 
 5 Smisstraat Steenhuffel 
 *Mechanieke Klompenmakerij*",,
"The Yorkshire Copper Works Ltd Leeds 
 Agt. David Petrie 14 Meinplaats Antwerpen",Antwerp,Belgium
"H. Bernert Wieland str 42-43 
 Berlin Charlottenburg 4",Charlottenburg,Germany
"H. Bernert Wieland str 42-43 
 Berlin Charlottenburg 4",Berlin,Germany
"Peltz Geldschrank Ges. m.b.H. Düsseldorf 
 Graf Adolfstrass. 88",,
"Coöp Stroocartonfabriek """"Onze Belang"""" 
 Stadskanaal 
 Agten Pott & Co Amsterdam (Z) Valeriusstraat 153",,
"Etablts Marcel Sébin & Cie 
 79 Rue d'Angouleme Paris (11) 
 Agt Magis Dumortier 
 Rue Royale 204 Brussel",Paris,France
"Etablts Marcel Sébin & Cie 
 79 Rue d'Angouleme Paris (11) 
 Agt Magis Dumortier 
 Rue Royale 204 Brussel",Brussels,Belgium
"Presspahn-Carton Fabrik Roigheim Roigheim Wurtembg 
 Etablts Weidmann A.G. Rapperswil (Zwits) 
 Agt. Janssen-Foulon 41 Rubenstr. Brussel",Brussels,Belgium
"Berlin Anhaltische Maschinenbau 
 Actiengesellschaft Dessau 
 Zweigniederlassung der Bamag Meguin A.G. Dessau",Berlin,Germany
"Berlin Anhaltische Maschinenbau 
 Actiengesellschaft Dessau 
 Zweigniederlassung der Bamag Meguin A.G. Dessau",Dessau,Germany
"Rich. Klinger Weenen. 
 Concessionnairs Achille Marchal 
 106 Av. du Midi Blles",,
"Papierfabrik Reisholz A.G. 
 Abtg. Ruhwerke J. Amberg. Wst 
 Vertegw. V. Dejardin Brussel",,
"Papierfabrik Leonhardt Crossen a Elster 
 Vertegw. Ch. Elias Brussel",,
"Dresdner Chromo & Kunstdruck 
 Papierfabrik Krause & Baumann A.G. 
 Heidenau 
 Vertegw. Marcel Lits 19 rue Marcq Blles",Marcq,France
"G. R. Delcorde 44 Avenue Sleeckx
Brussel",Brussels,Belgium
"Mather & Platt Ltd 14 Great Smith Str.
London S.W. 1
Agt. Louis Lyon
24 Rue des Fripiers Brussel",Greater London,United Kingdom
"Mather & Platt Ltd 14 Great Smith Str.
London S.W. 1
Agt. Louis Lyon
24 Rue des Fripiers Brussel",Brussels,Belgium
"G. W. Reye & Söhne Hamburg
Kieselgur Gruben Besitzer",,
"Vereinigte Deutsche Kieselguhrwerke G.m.b.H
Hannover",Hanover,Germany
"Fichtel & Sachs S.A. Schweinfurt
Vertr. Alex Vanhoff Ainé
33 et 52 Boga Str, Brussel",Bougue,France
"Fichtel & Sachs S.A. Schweinfurt
Vertr. Alex Vanhoff Ainé
33 et 52 Boga Str, Brussel",Santarém,Portugal
"Fichtel & Sachs S.A. Schweinfurt
Vertr. Alex Vanhoff Ainé
33 et 52 Boga Str, Brussel",Brussels,Belgium
"P.I.V. Ketten & Getriebe G.m.b.H.
Bad Homburg v. d. H",Bad Homburg vor der Höhe,Germany
"P.I.V. Ketten & Getriebe G.m.b.H.
Bad Homburg v. d. H",Homburg,Germany
"$\left\{ \begin{array}{l} 	ext{André Rebichon} \\ \text{Rue de l'Hôpital St. Louis, Paris 10e} \\ \text{René Joskin,} \\ \text{Avenue Luxembourg 46, Liège} \end{array} \right.$",,
"Jan Van Puyvelde
14 De Potter str. Schaerbeek",Schaerbeek - Schaarbeek,Belgium
"Arnold & Richter G.m.b.H.
Fabrik Kinotechnischer Apparate
Türkenstr. 89 München",Munich,Germany
"Chem. Fabriken Dr Kurt Albert G.m.b.H.
Amöneburg bei Wiesbaden
Biebrich",Wiesbaden,Germany
"Terpana Chemische Fabrik
Niederglatt Zürich",Zurich,Switzerland
"The Toyo Seiyaku Boeki Co Ltd
Osaka Japan
Shionogi & Co Ltd
Manufacturing Chemist Osaka Japan",Osaka,Japan
"Sankyo Company Ltd
Sankyo Building
Muromachi Nihonbashi-Ku
Tokio",,
"Louis Lauwers 120 Rue Sterlinger
Antwerpen",Antwerp,Belgium
"Fernand Gilbert Avenue Dailly 24
Blles",,
"Fabrique des Montres Zenith
Le Locle (Zwits
Agent: B. Zehoval & N Dorfmann
59 Chaussée de Vleurgat Brussel",La Chaussée,France
"Fabrique des Montres Zenith
Le Locle (Zwits
Agent: B. Zehoval & N Dorfmann
59 Chaussée de Vleurgat Brussel",Brussels,Belgium
"Bigot Scharfe & Co
Chemische Fabrik G.m.b.H.
Hamburg",Hamburg,Germany
"Seamless Products Co Inc.
113 West 42nd St. New York N.Y.",New York,United States
"Maschinenfabrik Augsburg-
Nürnberg A.G.
Werk Nürnberg",Nuremberg,Germany
"R. O. A. Dupont . Co Walvisch str. 20
Antwerpen",Antwerp,Belgium
"Dr Steeg & Reuter, Bad Homburg v. d. H.",Bad Homburg vor der Höhe,Germany
"Dr Steeg & Reuter, Bad Homburg v. d. H.",Homburg,Germany
"Hartmann & Braun A. G. Frankfurt /M
Agt Gust. Van Begin. Cie
34 Van de Weyer str. Brussel",Brussels,Belgium
"Sté Française des Noirs de Fumée
Vandoeuvre Nancy
Agt: Louis Gavage
36 rue des Eburons Luik",Nancy,France
"Sté Française des Noirs de Fumée
Vandoeuvre Nancy
Agt: Louis Gavage
36 rue des Eburons Luik",Liège,Belgium
"Sté pr le Blanchiment des Textiles Paris
Vertr. D. Van den Berg 56 Avenue Michel Ange Blles",Paris,France
"Jos Scholz G.m.b.H. Mainz
Gaustrasse 40/42",,
"Southern Chemical and Cotton Co
of America
L. F. Will . Co Amsterdam",Amsterdam,Netherlands
Lifa Lichtfilterfabrik Augsburg P 35,Augsburg,Germany
"Maschinenfabrik Carl Wessner
Zittauerstrasse 51a Görlitz",Görlitz,Germany
"Friedr. Riedel, Co Ernastrasse 5
Essen
A. E. R. A.
Applications & Etudes Rationnel de l'Air
rue Archimède 50 Brussel",Essen,Germany
"Friedr. Riedel, Co Ernastrasse 5
Essen
A. E. R. A.
Applications & Etudes Rationnel de l'Air
rue Archimède 50 Brussel",Brussels,Belgium
1° Osram G. m. b. H. Berlin O 17,Berlin,Germany
2° Plechati Glühlampenfabrik Kiel (Deutschl),Kiel,Germany
"Kemball Bishop . Co Ltd
Crown Chemical Works
Bromley by Bow London E. 3",Greater London,United Kingdom
"Kemball Bishop . Co Ltd
Crown Chemical Works
Bromley by Bow London E. 3",Bromley,United Kingdom
Adam Engelhardt,,
Comeniusstr. Nürnberg,Nuremberg,Germany
Etna Klima Anlagen,,
Luftheizungswerke Frankfurt,Frankfurt,Germany
H. Krantz Aachen,Aachen,Germany
Lufttechnische Gesellschaft m.b.H.,,
Königstrasse 84 Stuttgart W.,Stuttgart,Germany
"Vasanta Maschinenfabrik Akt. Ges.
Dresden N. 15",Dresden,Germany
"John Ratcliff. Sons Ltd Leeds
Vertw. F. C. Wibbelshde 42 Groenplaats
Antwerpen",Antwerp,Belgium
"Chemische Fabrik """"Lipsia""""
Agt. Alf. Cloquette 22 Av. de l'Observatoire
Luik",Leipzig,Germany
"Chemische Fabrik """"Lipsia""""
Agt. Alf. Cloquette 22 Av. de l'Observatoire
Luik",Liège,Belgium
"H. Janssen-Foulon Rubensstr. 41 Brussel
Agt der Fabrique Suisse d'Isolants de
Breitenbach (Soleure)",Breitenbach,France
"Maschinenfabrik Laube
Blasewitzer str. 68 Dresden A 16
Vrtw. Ch. Elias
Bxl",Dresden,Germany
"Mekanieke Modelmakerij
L. Bottriaux Ch. Van der Wijngaert . Co
35 Oude Bareellei Merksem Antwerpen",Antwerp,Belgium
"Mekanieke Modelmakerij
L. Bottriaux Ch. Van der Wijngaert . Co
35 Oude Bareellei Merksem Antwerpen",Old Town,Czechia
"E. Huybrechts 124 Quai de Mariemont
Brussel",Brussels,Belgium
"A. Hogenforst Maschinenfabrik Leipzig
Agt. Poelman Frères 3 Rue Vermeulen St Gilles",Gilles,France
"J. Clouth Remscheid
Vertw. Aimé Meert Place Louis
Morichar 36
Brussel",Brussels,Belgium
"Etabl. Marcel Re Agence exclusive des
Meubles Modernes tout en acier
Nord & Alpes 28 rue Josaphat
Bxl",Rue,France
"Sté An. p. l. Industrie des Metaux
16 Place St François Lausanne",Lausanne,Switzerland
"Sté An. p. l. Industrie des Metaux
16 Place St François Lausanne",François,France
"Joseph, Emile Heuvelmans
Bogaardstr. 42 Antwerpen",Antwerp,Belgium
"Optische Werke C. Reichert Wien VIII/2
Bennogasse 24-26",,
F. Hellige & Co Freiburg im Breisgau,Freiburg im Breisgau,Germany
"Langbein-Pfanhauser Werke Leipzig O28
Vertw. Electrolyse Belge Gheuse
28 rue de France Brussel",Rue,France
"Sté Genevoise d'Instruments de Physique
8 Rue des Vieux-Grenadiers Genève",,
"Henry Pels, & Co 19 rue de l'Autonomie
Brussel - Midi",Brussels,Belgium
"Fabrique d'Instruments d'Optique
C. Reichert VIII Bennogasse 24-26
Weenen
Vertgw. Hanko Pels",,
"Philips Constant, Puers
Vertegenw: Charles Mahy,
Boulev. E. Bockstael 206. Brussel",Brussels,Belgium
"Honoré Demoor
Rue de l'Autonomie 14-16
Brussel",Brussels,Belgium
"Rosa, Cometta Cie
Via Machiavelli 12
Milan 126",Milan,Italy
"Henry Rossell, Co Ltd
Waverley Works Sheffield",Sheffield,United Kingdom
"Dentler, Maass G.m.b.H. Düsseldorf
Hildebrandt Str. 24
Agt. Sigtenhorst, Lynaert Dillen
62 rue du Lombard
Brussel",Brussels,Belgium
"Niederrhein. Maschinenfabrik
Becker & Van Hüllen Act. Ges.
Untergath 9 Krefeld",Krefeld,Germany
"W. H. Seibert Wetzlar
Vtrgtr. Pierre Van Kebbel
55 Oude Kerkstraat Antwerpen",Antwerp,Belgium
"Maschinenfabrik Fr. Niepmann & Co
Gevelsberg i/ Westfallen",,
"Raymond Charon Paris (19e)
11 Rue Henri. Murger",Montreuil-le-Henri,France
"M. Hensoldt & Söhne Optische Werke
Wetzlar",Wetzlar,Germany
"Etablissements Bourdon
74 Rue du Faubourg Paris",Paris,France
"Slack Sellars & Co Ld Sheffield
Agt. L. Verwaest 281 rue du Progrès
Bruxel",Brussels,Belgium
"Howards, Sons Ltd
Ilford n. London",Greater London,United Kingdom
"Eastman Kodak Co Rochst
Du Pont de Nemours. Co
Wilmington Delaware
(Niagara Falls Plant)
The Advance Solvents. Chemical
Corporation
Rossville Commercial Alkohol
New-York",Pont Canavese,Italy
"Eastman Kodak Co Rochst
Du Pont de Nemours. Co
Wilmington Delaware
(Niagara Falls Plant)
The Advance Solvents. Chemical
Corporation
Rossville Commercial Alkohol
New-York",Nemours,France
"Eastman Kodak Co Rochst
Du Pont de Nemours. Co
Wilmington Delaware
(Niagara Falls Plant)
The Advance Solvents. Chemical
Corporation
Rossville Commercial Alkohol
New-York",Wilmington,United States
"Eastman Kodak Co Rochst
Du Pont de Nemours. Co
Wilmington Delaware
(Niagara Falls Plant)
The Advance Solvents. Chemical
Corporation
Rossville Commercial Alkohol
New-York",New York,United States
"Henry Sutter
Steinenvorstadt 36 Basel
Haus Capitol",Basel,Switzerland
"Henry Sutter
Steinenvorstadt 36 Basel
Haus Capitol",Haux,France
"Metallwerk Union Akt. Ges
Wöllersdorf N. Oesterreich",,
"1° A. Leüthe Düsseldorf-Benrath

2° Heinrich Czeckay Postfach 41
Düsseldorf-Benrath",,
"3° <u>E. A. Krüger & Friedeberg</u> Kastanienallee 26
Berlin N 58",Berlin,Germany
"4° <u>Dr Gottlieb Krebs</u> , Gekawerke, Offenbach",Offenbach am Main,Germany
"5° <u>Robert Kremeich</u> , Postfach 515, Düsseldorf",Dusseldorf,Germany
"6° <u>Hugo Leüthe</u> , Richrath Bez. Düsseldorf",Dusseldorf,Germany
"7° <u>Franz Minde</u> , Kaiser Friedrichstrasse 45a
Berlin - Charlottenburg 4",Berlin,Germany
"7° <u>Franz Minde</u> , Kaiser Friedrichstrasse 45a
Berlin - Charlottenburg 4",Charlottenburg,Germany
"<u>The Tripoflo Cy</u>
Tripoflo Works,
Wellington Road Aberdeen Scotlan[d]",Wellington,New Zealand
"<u>The Tripoflo Cy</u>
Tripoflo Works,
Wellington Road Aberdeen Scotlan[d]",Aberdeen City,United Kingdom
"<u>Sté Ind. Suisse</u> Neuhausen
<u>Vergts. Fr. Van Den Broek</u> Antwerpe[n]
Sanderusstraat 51",Antwerp,Belgium
"1° <u>Ratazzi & May</u>, Kurfürstenstr. 14-18, Frankfurt a/m West 13",Frankfurt,Germany
"2° <u>Baderschneider & Lenzner</u>, Schliessfach 5, Zeulenroda Thür.",,
"3° <u>Dürener Metalltuchfabrik Joh. Wilh. Andr. Küfferath Co</u>
Düren Rhld.",,
"4° <u>Etablts J. Gantois & J. Beucher</u> , Saint-Dié (France
Agence générale: S. A. de Production de Transports et
d'Echanges , 95 A, Rue Joseph II, Bruxelles",Saint-Dié-des-Vosges,France
"4° <u>Etablts J. Gantois & J. Beucher</u> , Saint-Dié (France
Agence générale: S. A. de Production de Transports et
d'Echanges , 95 A, Rue Joseph II, Bruxelles",Brussels,Belgium
"5° <u>Maschinenbau & Metalltuchfabrik A. G. vorm. Gottl.</u>
<u>Heerbrandt</u>
Raguhn (Anhalt)",,
"6° <u>G. & J. Weir</u>, 22 Rue Caumartin, Paris 9e",Paris,France
"7° <u>Hütter & Schrantz A. G.</u>, Windmühlgasse 26. Wien VI",,
"8° <u>J. Raynaud</u>, Van Wesenbekestraat 14. Antwerpen",Antwerp,Belgium
"9° <u>Herman Leghers</u>, 79 Rue de l'Etuve, Brussel",Brussels,Belgium
"10° <u>Heleine & Cavenaille</u>, 10 Rue du Chasseur, Bruxelles.",Brussels,Belgium
"11° <u>Chr. Wandel, Metalltuch- & Maschinenfabrik</u>
Reutlingen",Reutlingen,Germany
<u>Fischer & Krecke G.m.b.H. Bielefeld</u>,Bielefeld,Germany
"<u>Alfred J. Amsler Co</u>, Schaffhausen
Zwitserland
Agent: Em. & P. Bodson, 6 Quai St. Léonard",Schaffhausen,Switzerland
"<u>Sté Genevoise d'Instruments de Physique</u>
Genève",Geneva,Switzerland
"<u>Reindl & Nieberding</u>, Kottbusser Ufer 7. Berlin SO.36
Agent: G. Matheys; Rue Gallait 36. Brussel.",Brussels,Belgium
"<u>Shell Chemical Cy</u> San Francisco
Selling Agents: R. W. Greeff. Co
10 East 40 Street New York City",,
"<u>Böcker & Dingeon G.m.b.H.</u>
Remscheid",Remscheid,Germany
"<u>Integrator Apparate G.m.b.H.</u>
Stuttgart
Werdstrasse 20",Stuttgart,Germany
"Famdewe Elektro Industrie
in Gemeinschaft Produktion
Neue Bayreutherstrasse 7
Berlin W 50",Berlin,Germany
"The Kessler Chemical Corporation
1515 Willow Avenue Hoboken new Jersey",Hoboken,United States
"Viscosa Gesellschaft M.b.H.
vorm. Oscar Kohorn. Co
Kauffahrtei 31 Chemnitz",,
"Jos Meissner
Oberländer Ufer 184 Köln/Rh",Cologne,Germany
C. G. Haubold A.G.,,
"H. Bernert 42 Wielandstr. 42
Berlin Charlottenburg",Charlottenburg,Germany
"H. Bernert 42 Wielandstr. 42
Berlin Charlottenburg",Berlin,Germany
"Metagra N.F.
Rue de la Raquette, 1,
Gent.",Ghent,Belgium
Dr Friedrich & Cie Glösa Chemnitz,Chemnitz,Germany
Dr Friedrich & Cie Glösa Chemnitz,Chicago,United States
"Hypo William Blythe , Co Ltd
Church Lancashire
London office 58 Mark Lane E.C.3.",Greater London,United Kingdom
"Deutsche Hydrierwerke Act. Ges Rodleben
Vertgw. H. Bonn 68 Mommaerts str.
Brussel",Brussels,Belgium
"August Leistenschneider
Schadowstr. 16 Düsseldorf
Vertgw. A. Naert Brussel",Dusseldorf,Germany
M. R. Koepp. & Co Oestrich,,
"Acieries Schoeller - Bleckmann Weenen
Agt. Domanski 22 Quai de Rome
Luik",Liège,Belgium
"Jos. Schneider, & Co Optische Werke
Kreuznach (Rheinland)",Bad Kreuznach,Germany
"Atlas Electric Devices Co
361 W. Superior St.
Chicago, Ill. U.S.A.",City of Superior,United States
"Atlas Electric Devices Co
361 W. Superior St.
Chicago, Ill. U.S.A.",Chicago,United States
"1. C. Friedrich, Jägerwirtstr. 15a, München 50
Präzisionsoptik.",Munich,Germany
"2. Astro G.m.b.H, Lahnstr. 30, Berlin-Neukölln
Scharfeinstellungsgerät",Neukölln,Germany
"3. Ernst Ludwig, Lausa-Dresden
Kleinbildoptik",,
"4. J.D. Moeller Wedel i. Holstein
Optik, Glasteilungen, Versilberung, Spiegel",,
"5. Emil Busch A.G. Rathenow.
Optik",,
"6. A. Jackenkroll, Schlesische str. 29/30 Berlin S.O. 36
Kino-Aufnahme-Objektive",,
"7°. <u>Fotoflex. Kameras</u> , Budapester str. 31. Berlin W.62
Kino-Optik",,
"Bausch & Lomb Optical Co
Rochester New York
Vertr. Gerard Pfluger Antwerpen,",City of Rochester,United States
Jean Marck S.A. Herstal,Herstal,Belgium
Jean Marck S.A. Herstal,Marck,France
"Mécanique Industrielle & Machines
Agricoles, Jean H. Stevenart
89, Boulevard de Dixmude, Brussel.",Diksmuide,Belgium
"Mécanique Industrielle & Machines
Agricoles, Jean H. Stevenart
89, Boulevard de Dixmude, Brussel.",Brussels,Belgium
"Etablissements R. U. P. A. P.
Rue Courbe 51, Brussel.
Téléf: 406.13 Télégr. : """"Leblicburo""""
Agenten voor België & Luxemburg der
""""Swan"""" potlooden, Nuremberg.",Brussels,Belgium
"Etablissements R. U. P. A. P.
Rue Courbe 51, Brussel.
Téléf: 406.13 Télégr. : """"Leblicburo""""
Agenten voor België & Luxemburg der
""""Swan"""" potlooden, Nuremberg.",Nuremberg,Germany
"Léon Frateur : Bureelen: Mutsaertstraat
14, Antwerpen ; Magazijnen: Raapstraat
11, Antwerpen. Téléf: 541.30",Antwerp,Belgium
Leon Frateur : zie hierboven.,,
"K. Weinert Muskauerstr. 24
Berlin S.O. 36",Berlin,Germany
"Klein Schanzlin & Becker A.G.
Frankenthal (Pfalz)",Frankenthal (Pfalz),Germany
"Lindemann & Schnitzler
Postfach 667 Düsseldorf I No 14",,
"Weka - Tuchpapier A-G.
(A. u. K Römmler) Berlin S O 36
Elisabeth-Ufer 5-6
Georg Schulte, Nachodstr. 2
Berlin W. 50",Berlin,Germany
"R. Planche . Cie
5 Route de Frans Villefranche (Rhône)",Frans,France
"R. Planche . Cie
5 Route de Frans Villefranche (Rhône)",Villefranche-d'Astarac,France
"Dalbker Zellstoff & Papierfabrik
Dalbke bei Bielefeld",Bielefeld,Germany
"N.V. West. J. Ahrend & Zoons
13-21 Simon Stevijnweg Hilversum",Hilversum,Netherlands
"Sté Lyonnaise de Produits Benzoïques
23 Rue de Balzac (8e) Paris
Vrtr. Alph. Cloquette 22 Av. de l'Observatoire Luik",Balzac,France
"Sté Lyonnaise de Produits Benzoïques
23 Rue de Balzac (8e) Paris
Vrtr. Alph. Cloquette 22 Av. de l'Observatoire Luik",Paris,France
"Sté Lyonnaise de Produits Benzoïques
23 Rue de Balzac (8e) Paris
Vrtr. Alph. Cloquette 22 Av. de l'Observatoire Luik",Liège,Belgium
"Diagram Halbach
Dortmund Hörde",Dortmund,Germany
N.V. Chemische Fabriek L. Van Der Grinten Venlo,Venlo,Netherlands
"Hurlbutt Paper Co South Lee Massachusetts
New York Office 320 Broadway",,
"Kartonpapierfabrik
Friedheim & Sohn G.m.b.H. Berlin
Rungestr. 18a",,
"Metallpapier Gesellschaft München W. 12
Samuel Jones Bridewell Place London E.C. 4",Greater London,United Kingdom
"Edgard Van Haecke Brussel
130 rue Royale St Marie",Rue,France
"Edgard Van Haecke Brussel
130 rue Royale St Marie",Marie,France
"Usines de l'Allondon S.A.
La Plaine Genève
Reprt Durand-Raler Silly",,
Le Carbone 124 Bld du Jubilé Brussel,Brussels,Belgium
Le Carbone 124 Bld du Jubilé Brussel,Carbone,Italy
"Frankfurter Emaillir Werke
Ottofferos G.m.b.H.
Neu Isenburg bei Frankfurt a/M.",Frankfurt,Germany
"Fritz Köhler Universitäts Mechaniker %
Leipzig",Leipzig,Germany
"Max Fiedler
Fabrik Photographische Geräte
Freudenstadt Schwarzwald",Freudenstadt,Germany
"J. Ch. Jens Koefoed 37 Rue Van Der Keilen
Antwerpen",Antwerp,Belgium
J. Piquet - Gent.,Ghent,Belgium
"$\left\{\begin{array}{l}\text{a/ Cie Centrale des Eméris \& Produits à Polir} \\ \text{Fréiny - Navarre} \\ \text{b/ Sté Coop. Seap} \\ \text{Rue d'Aerschot. 208, Brussel.}\end{array}\right.$",,
"Cie Belge des Pompes """"Cylvar""""
Baraplaats, 9/10 , Brussel.",Brussels,Belgium
"Hoesch. & Co Pirna a.d. Elbe
Agt. Max Schüler. Co
Kirchenallee 25 Hamburg",Hamburg,Germany
"$\left\{\begin{array}{l}\text{E. F. Becker Mönckebergstrasse 11} \\ \text{Hamburg} \\ \text{Luzzatto, Figlio \& Cie} \\ \text{Meir 75 Antwerpen}\end{array}\right.$",,
"Hoffmann & Engelmann A.G.
Neustadt a. d. Haardt.",Neustadt an der Weinstraße,Germany
"Gebr. Hoesch G.m.b.H. Kreuzau
bei Düren",Duren,Germany
Julius Glatz Neidenfels,Kłodzko,Poland
"$\left\{\begin{array}{l}\text{Wegelin \& Hübner Halle a/Saale} \\ \text{Verteg. V. Réfusonne} \\ \text{Avenue Blondin, 52.} \\ \text{Liège}\end{array}\right.$
~~Demag - Hilpert - Pegnitzhütte Nürnberg~~
~~Verteg~~
~~Edg. v. Jublou Herstal~~",,
"~~Kleemann~~
S.A. Office technique
d'applications chimiques
Liège.",Liège,Belgium
"C.H. Jaeger . Co Leipzig-Plagwitz
Verteg. J. Russ 77 Rue des Confédérés Bxl",,
"J.P. Morlent & G. Saintville
20, Passage des Petites-Ecuries,
                                        Paris (10e)
door Office Scientifique Belge S.A.
                        Rue Traversière, 101,
                                        Bruxelles.",Paris,France
"J.P. Morlent & G. Saintville
20, Passage des Petites-Ecuries,
                                        Paris (10e)
door Office Scientifique Belge S.A.
                        Rue Traversière, 101,
                                        Bruxelles.",Brussels,Belgium
"Gustafsfors Fabr. A. B.
                        Skåpafors Zweden
Agt. Florent Van Riet
        34 Generaal Capiaumontstr.
                                Antwerpen",Antwerp,Belgium
"Cumig Elektrizitäts & Metall-
                waren Industrie
                Hirschengasse 5 Wien",Vienna,Austria
"Leeds & Northrup Cy Philadelphia
Agt. Sté An. Integra
Rue de la Vieille Montagne Luik",Montagne,France
"Leeds & Northrup Cy Philadelphia
Agt. Sté An. Integra
Rue de la Vieille Montagne Luik",Liège,Belgium
"The Gaertner Scientific Corp
                                Chicago U.S.A.",,
"Herola, Krepp- & Buntpapierfabrik G.m.b.H.
                        Rastatt (Baden)",,
"F. Chmel fabrication von Photo
        Prague VII                                        Ecken
                Zatisi 19",,
"Robert Craig & Sons Ltd
Caldercruix Mills Caldercruix
Moffat Mills Airdrie (Schotland)
Agt. Ferd. Motte
    vve Ferd. Motte & Fils Succs
    70 Rue de Mérode Brussel",Brussels,Belgium
"Jacob Oechelhaeuser Papierfabrik
            Siegen Westfalen,            G.m.b.H.",Siegen,Germany
"Hillebrandt & Kraett Werdohl
Maschinen & Pumpenfabrik in Westf.",Halle (Westf.),Germany
"Ilmenauer Porzellanfabrik
Ilmenau",Ilmenau,Germany
"Jos. Illfelder """"Vera"""" Potloodenfabrik
Furth (Neurenberg)
Vertegw. Antoine Geiger
58 Rue de l'Automne Brussel",Brussels,Belgium
"Etablts R. Pfyffer 24 Rue de Milan
Paris IX",Paris,France
"Hoh, Hahne Leipzig
Barnecker Strasse 43/45",,
"Odon De Guide Ing.
Chaussée de Mons Ath
Vertegw van Appareils et Evapora:
Effets Kestner S. An.
Lille rue de Toul 8",La Chaussée,France
"Odon De Guide Ing.
Chaussée de Mons Ath
Vertegw van Appareils et Evapora:
Effets Kestner S. An.
Lille rue de Toul 8",Mons,Belgium
"Odon De Guide Ing.
Chaussée de Mons Ath
Vertegw van Appareils et Evapora:
Effets Kestner S. An.
Lille rue de Toul 8",Lille,France
"Knowlton Paper Company
Watertown New York",New York,United States
"1° Metallveredeling S. Sauerstein
Görschstrasse 48 , Berlin-Pankow",,
"2° Joh. Sachs C°, Johanniterstr. 7. Berlin S.W. 61",Berlin,Germany
3° Kraft & Steudel . Dresden A 21,Dresden,Germany
4° Tetenal Photo-Werke G.m.b.H. Berlin S 59,Berlin,Germany
"5° L. Langebartels . Kaiser Friedrichstr. 90
Berlin - Charlottenburg 1",Berlin,Germany
"5° L. Langebartels . Kaiser Friedrichstr. 90
Berlin - Charlottenburg 1",Charlottenburg,Germany
Dresden 21,Dresden,Germany
Brünn,Brno,Czechia
"Lerchenfeldergürtel 9-11
Wien XVI",,
Chemnitz I,Chemnitz,Germany
München 2 S.W.,Munich,Germany
Berlin. Niederschönhausen,Berlin,Germany
"Friedrichstrasse 37, Berlin S.W. 68",Berlin,Germany
Oedt bei Krefeld Rhld.,Krefeld,Germany
München,Munich,Germany
Heidenau bei Dresden,Dresden,Germany
Feuerbach Württbg.,,
Berlin N.W. 40,Berlin,Germany
Dresden A 1,Dresden,Germany
Dresden 21,Dresden,Germany
Wandsbek,,
Heilbronn a/N.,Heilbronn,Germany
"Kaiserstrasse 24
Frankfurt a/m 1",Frankfurt,Germany
"Postfach 263
Heidelberg",Heidelberg,Germany
Wuppertal-Oberbarmen,,
Mulda i. Sa.,,
Schliessfach 30        Gladbach,,
Berlin-Lankwitz,,
Stuttgart-Wangen 6,,
Wetzlar,Wetzlar,Germany
Dresden 23,Dresden,Germany
Jena,Jena,Germany
"<u>Richard Büttner</u>
Drahtauslöser, Stativköpfe, Verschlüsse",,
"<u>Kahl & Gumpert</u>, Stromstr. 38.
Badwärmer",,
"<u>Jos Reichelt</u>, Südendstr. 12.
Foto Seide, Kopierrahmenscheiben",,
"<u>Lifa Lichtfilterfabrik</u>
Filters",,
"<u>Kontny & Lange</u>. J. H. Annacker Nachf.
Entwicklungsgerät",,
"<u>Dr Karl Weber</u>
Selbstauslöser",,
"<u>Dr Siegfried Guggenheim</u>
Belichtungszeitmesser",,
"<u>C. A. Willy Frank</u>
Hintergrundtuch",,
"<u>Gössel Co</u>
Kugelgelenke",,
"<u>Admira A. G.</u>
Farbenfotografie",,
"<u>Menzelhütte</u> vorm. Glasfabrik Calswerk
Mattglasscheiben & Diapositivdeckgläser",,
"<u>Johannes Herzog Co</u>
Farbenfotografie",,
"<u>Heinz Berlins</u>
Photogr. Laboratoriumsgeräte",,
"<u>Oscar Rommel</u>
Glaswechselrahmen, Photoalben, Photokartons",,
"<u>Emil Kreher</u>.
Balgen",,
"<u>Karl Schleicher</u>
Negativordner",,
"<u>Dr Joachim Grassmann</u> ,
Entfernungs- & Belichtungsmesser",,
"<u>Elle Co G.m.b.H.</u>
Emaille-Photoschalen",,
"<u>Mattier-Werk</u> ;
Spiegelgläser; Opalscheiben; Mattscheiben;",,
"<u>Westendorp & Wehner A.G.</u>
Color-Fabrikate",,
"<u>Auerbach & Stipp</u> ,
Klebefolien",,
"<u>Preuss & Wittich</u> .
Skalen, Plakate, Taschenspiegel",,
"<u>Dr. W. Schlichter G.m.b.H.</u>
Belichtungsmesser",,
"<u>Wübben G.m.b.H.</u>
Albums",,
"<u>Paul Will</u> ,
„Bewi“ Präzisions Beleuchtungsmesser",,
"<u>Carl Neithold A.G.</u>
Zeitauslöser",,
"<u>Jupiterlicht A.G.</u>,
Beleuchtung",,
"<u>Deutsche Drem Ges.</u> ,
Lichtmesser",,
"<u>Julius Penner A.G.</u>
Konservierungsmittel",,
"<u>Joh. Leonh. Hüttlinger</u> ,
Rahmensucher, Drahtteile u.s.w.",,
"<u>Eichhorn & Mester</u> ,
Korkklammern",,
"<u>Gustav Markus</u> Soest i W.
Stativklammern",,
"<u>Willy Lehmann</u>, Gabelsbergerstr. 1. Leipzig C 1
Photokartons",Leipzig,Germany
<u>Gossen</u> Erlangen Photometer,,
<u>Dr Schleussner C. A. G.</u> Frankfurt a/m,Frankfurt,Germany
"<u>C. A. Willy Frank</u>, Dresden-Neust. 6
achtergronden, lichtbeeldschermen, dekoratiestoffen
gobelins, Tonfilmwände, Spannstoffe für Trocken-
presse & Hochglanzmaschinen, ateliergordijnen,
velourspapier, schlitzverschlussband, Plüsch,
Samtband, Kassettentaschen, Einstelltücher u. s. w.",,
"R. Ditmar Gebrüder Brünner A.-G.
Lampen und Metallwarenfabriken
Wien XI Erste Haidequerstrasse",Vienna,Austria
"Ateliers Deplechin Frères
Doornik",Tournai,Belgium
"Tullis Russell Co Ltd
Auchmuty & Rothes Mills Markinch
Fife (Sct)
London Office
1 Tudor Street E.C. 4
London",Greater London,United Kingdom
"Himmelmann & Co Fröndenberg
Papier. Pappen Fabriken Ruhr",,
"A. Petit & Cie Ing. Constructeur
5 Rue Le Tafel Paris 12 (Pompes
Morane)",,
Amag Hilpert Pegnitzhütte Nurnberg,Nuremberg,Germany
Weise Soehne Halle/S,Halle (Saale),Germany
"Raquette River Paper Co Potsdam
New York",New York,United States
"Hollingsworth & Whitney Co
Boston",Boston,United States
"Papeteries Aussedat
115 Avenue du President Wilson
La Plaine St Denis Usines à Cran
pres Annecy",Plaine,France
"Papeteries Aussedat
115 Avenue du President Wilson
La Plaine St Denis Usines à Cran
pres Annecy",Saint-Denis,France
"Papeteries Aussedat
115 Avenue du President Wilson
La Plaine St Denis Usines à Cran
pres Annecy",Annecy,France
"Hurlbut Paper Company
South Lee Massachussetts.",,
"James White Paper Co
219 W Monroe St Chicago",Chicago,United States
C. W. Field Ltd 92 Wood str. Liverpool,Liverpool,United Kingdom
"Jalhay George, Tél. 441.52.
52 Avenue des Villas, Brussel
—〃— Clement Leclerc Avenue Elisabeth Verviers",Brussels,Belgium
"Herrmann, Alfred Escher Akt. Ges.
(vroeger Gebr. Wetzel Chemnitz
Nürnberg",Nuremberg,Germany
"Edward Wunderlich Kleist Str.
Leipzig N 22 99/103",Leipzig,Germany
"Reducteurs de Vitesse Verteg. J. Hanoul
6 bis Impasse Lemière Paris 54 Drie v du Duc
Batsfort",,
"R. Van Hoecke
Rue Royale Ste Marie 130
Brussel.",Marie,France
"R. Van Hoecke
Rue Royale Ste Marie 130
Brussel.",Brussels,Belgium
"Silica Gel Gesellschaft M.b.H.
Behrenstr. 50-52 Berlin W.8
Apparatebau Rohlin Lutherstr. 15
Berlin W. 62",Berlin,Germany
"Blechwarenfabrik Limburg
Limburg / Lahn
ingelegde in hout Godaert, Kriger
Vaartstraat 19 Brussel",Brussels,Belgium
"Nijgh en Van Ditmar N.V.
Wijnhaven 113 Rotterdam",Rotterdam,Netherlands
"Alfred Gehler Leipzig
Verkaufskontor: Wilhelm Schmidts hals
Rheinbergerstr. 5/1
München 2 N.O",Munich,Germany
"Pressstoffwerk Schöppenstedt
Paul Schnake,
Schöppenstedt.",,
"H. Ridder, Zoon Buurmanstraat 166
Utrecht.",Utrecht,Netherlands
"Willy Schuster Vinchestrasse 39
Metallwaren Hagen (Westf)",Halle (Westf.),Germany
"Willy Schuster Vinchestrasse 39
Metallwaren Hagen (Westf)",Hagen,Germany
"Ingenieur Ernst Heitmann
Zwickauerstr. 32 Dresden A",Dresden,Germany
"Fuxor"""", G.m.b.H.,
Berlin-Neukölln, Hermannstr. 48",Neukölln,Germany
"<u>G. Boulitte</u> Rue Bobillot 15 à 21
Paris 13.",Paris,France
"<u>Siemens Reiniger Veifa</u> Ges. für Medizinische
Technik , Mohrenstrasse 58-59, Berlin W. 8.",Berlin,Germany
"<u>Gaiffe, Gallot & Pilon</u> , Sennestraat 98
Brussel",Brussels,Belgium
"<u>Koch & Sterzel</u> Zwickauerstrasse 40-42
Dresden A 24",Dresden,Germany
"<u>Kolen & Delhumeau</u> Rue des Gatines 1
Paris 20",Paris,France
"<u>Philips métalix N.V.</u> Anderlechtstraat 37-39
Brussel",Brussels,Belgium
"<u>Victor X-Ray Corporation</u> 2012 Jackson Boulevard
Chicago. Illinois. U.S.A.",Chicago,United States
"<u>Chemische Fabrik Von Heyden A.G.</u>
Radebeul-Dresden",,
"<u>Westinghouse</u> Long Island City
New-York",Long,France
"<u>Westinghouse</u> Long Island City
New-York",Island,France
"<u>Westinghouse</u> Long Island City
New-York",New York,United States
"<u>Etabl. Deman</u> Lange Gang 22-30
Antwerpen",Antwerp,Belgium
"11° Demblon Aug. Mechelsche stwg. 90 
                                                                          Antwerpen",Antwerp,Belgium
12° Enraf_ Eerste Nederlandsche Radio Apparaten Fabriek,,
"Mayer & Schmidt S. An. Offenbach a/Main
Agt. Frank G. Harford
59 65 67 Avenue de Haverkercke Forest Bxl",Offenbach am Main,Germany
"C. P. Janssens 16 Michel Zwaab str
Brussel",Brussels,Belgium
"Planitz & Stoy Maschinenfabrik
Chemnitz",Chemnitz,Germany
"Acieries Schoeller Bleckmann S.A.
Wildpretmarkt 10 Weenen
Agt: Maison Domanski S.A. 22 Quai de
Luik Rome",Liège,Belgium
"Acieries Schoeller Bleckmann S.A.
Wildpretmarkt 10 Weenen
Agt: Maison Domanski S.A. 22 Quai de
Luik Rome",Rome,Italy
"Julius Pintgraff & Co G.m.b.H.
Krausenstr. 27 Keulen",,
"Rhodyt Aktiengesellschaft
Abteilung Rheinische Elektrowerke
Wesseling bei Cöln",Cologne,Germany
"H. Bernert Wieland-Strasse 42-43
Charlottenburg",Charlottenburg,Germany
"Norske Co Oslo
Agt. M. Schméder 146 Ch. de Gand
Brussel",Ghent,Belgium
"Norske Co Oslo
Agt. M. Schméder 146 Ch. de Gand
Brussel",Brussels,Belgium
"Bernhardt & Strower
a. d. Muggenburg 1-2 Postfach 746
Bremen",Bremen,Germany
"Società del Grès Ing. Sala & Ci
Via Filodrammatici, 3.
Milano.",Milan,Italy
"Cheminus""""
Bouwen en herstellen van Fabrieksschouwen
225 Amerikalei Antwerpen",Antwerp,Belgium
"Dr Rodolfo de Vita,
Palazzo Nuova Borsa, 156.
Genua (Italië)
Vertegenwoordiger: E. F. Kiffhymus-Delack
Brussel.",New York,United States
"Dr Rodolfo de Vita,
Palazzo Nuova Borsa, 156.
Genua (Italië)
Vertegenwoordiger: E. F. Kiffhymus-Delack
Brussel.",Borșa,Romania
"Dr Rodolfo de Vita,
Palazzo Nuova Borsa, 156.
Genua (Italië)
Vertegenwoordiger: E. F. Kiffhymus-Delack
Brussel.",Genoa,Italy
"Dr Rodolfo de Vita,
Palazzo Nuova Borsa, 156.
Genua (Italië)
Vertegenwoordiger: E. F. Kiffhymus-Delack
Brussel.",Brussels,Belgium
"Willy Schuster
Hagen Westfalen",Hagen,Germany
"The Warrington Chemical & Drug Co
Paddington
Nr. Warrington",,
"Aktiebolaget Max Sievert
Stockholm Vertg:
Markt & Co Ltd
Brussel 'Mid:",Brussels,Belgium
"Harkort Eicken Stahl G.m.b.H.
Hagen (Westf)",Halle (Westf.),Germany
"Harkort Eicken Stahl G.m.b.H.
Hagen (Westf)",Hagen,Germany
"Bursch, Co                        Frankfurt
Lausitzerstr. 6                    a/M
                                                Süd",,
1° <ins>Ernst Bülow C°</ins>                        Görlitz,Görlitz,Germany
2° <ins>Kürbi & Niggeloh</ins>                Radevormwald Rhld,,
3° <ins>A. Schröder & Söhne</ins>                Sundern Krs Arnsberg,Arnsberg,Germany
4° <ins>Gebr. Seifert</ins>                        Lüdenscheid,Lüdenscheid,Germany
5° <ins>max Kamper A.G.</ins>                Lüdenscheid 27,Lüdenscheid,Germany
"6° <ins>W. Brennecke</ins>            64 Grosse Frankfurterstrasse
                                                Berlin N.O. 18",Berlin,Germany
7° <ins>Jaki Rieger C°</ins>                        Calw Württbg,Calw,Germany
"1° <ins>Romain Talbot,</ins>            Berlin-Charlottenburg 2
                                Schmalfilm mit Tonzusatz.",,
"2°. <ins>Siemens-Halske, Wernerwerk, Berlin-Siemensstadt
Schmalfilmgeräte",,
3°. <ins>Wieroldi & Krämer Luxemburgerstraße 7 München 23,Munich,Germany
"Engler König
Mehlwarenfabrik, Bingenstadt",,
"Bigot Schänke & Co
Chemische Fabrik
Hamburg-Kirchwerder
25",,
"Eichler & Co A.G.
Fabriken d. Neude, Neusonburg",,
"M. Streicher Eisen. Stahlgiesserei
Dampfkesselfabrik
Stuttgart Bad Cannstadt",Stuttgart,Germany
"Fränkel. Viebahn Fabrik für Feuerungs
Holzhausen bei Leipzig Anlagen",Leipzig,Germany
"Rheinmetall-Borsig Aktienges.
Werk Borsig Berlin-Tegel",,
"Sydow & Strauchenbruch,
Darmstaedterstrasse 9, Berlin W. 15.
Telef: Oliva J. II 3307 Telegr: Sydow,
Darmstaedterstrg.",Berlin,Germany
"H. Weis Aerschot str. 146 Schaerbeek
Bxl",Schaerbeek - Schaarbeek,Belgium
"Kaufmann, John Bamberg
Vertegenw. Ed. Van Hopplynus De Cock
249 Rue du Progrès Brussel",Brussels,Belgium
P. B. Van Haver Hamme s/ Durme,,
Eisenwerk Wülfel Hannover Wülfel,Hanover,Germany
"Monsanto Chemical Works,
St Louis U.S.A.
Buro London Victoria Station House
Victoria St. London S.W. I",Greater London,United Kingdom
"Pfaudler Werke A.G.
Schwetzingen Baden",Schwetzingen,Germany
"Pfaudler Werke A.G.
Schwetzingen Baden",Baden,Austria
"1° Franz Cobau . Residenzstr. 133, Berlin-Reinickendorf-Ost 1",,
"2° Karl Stolz , Stuttgart W.",Stuttgart,Germany
"3° S. Franzl , Rosenheimerstr. 272. München",Munich,Germany
"4° Morcher Heidelbach Co 40 Fuldastr., Berlin-Neukölln",Neukölln,Germany
5° Fritz Brandau . Michendorf-Willigslust.,,
6° Gebr. Wohlauf. Altmark 8/7. Dresden A.,Dresden,Germany
"Saxoniawerk Paul Heuer G.m.b.H.
Zahnräder, Getriebefabrik
Dresden 16",Dresden,Germany
"E. Heckendorff Reichenbergerstr. 36
Berlin S.O. 36",Berlin,Germany
Dr Graf G.m.b.H. Gotha 9,Gotha,Germany
"Decora                                                  Antwerpen
R. Andries & L. Ivo
3 Nottebohmstr.",Antwerp,Belgium
"Bruno Pahlitzsch
Briefumschlag, Beutelmaschinen=
fabrik
Gneisenaustrasse 67 Berlin S.W.
29",Berlin,Germany
"Maschinen für Massenverpackung
Berlin Neuköln ~~Vrydag~~ Spottenhorst Heinze Dillan
Leipzigerstr. 63
Brussel",Berlin,Germany
"Maschinen für Massenverpackung
Berlin Neuköln ~~Vrydag~~ Spottenhorst Heinze Dillan
Leipzigerstr. 63
Brussel",Brussels,Belgium
"Ateliers Ventil 7 Rue Nicolai Lyon
Vertgw. R. Pouillard 101 Av ~~Louis~~ Molière
Ixelles",Lyon,France
"Léon Frateur. Bureelen: 14 Mutsaertstr
Werkhuizen: Laapstraat 11. Antwerpen.
<u>Les tubes à ailettes</u> Perwez (Brabant)",Antwerp,Belgium
"Palais d'Outillage, Ach. Jeunotte,
Boulevard Maurice Lemonnier 151-157,
Brussel. Telefoon: 109.64.",Brussels,Belgium
"Willi Simon
Wilhelmstrasse 21
Dotzheim.",,
"Tuyaux Favier 97 Avenue Louise
Brussel",Brussels,Belgium
"H. Bernert Wielandstrasse 42-43
Berlin Charlottenburg",Charlottenburg,Germany
"H. Bernert Wielandstrasse 42-43
Berlin Charlottenburg",Berlin,Germany
"Oscar Sichtig, Cº Maschinenfabrik
Karlsruhe Rheinhafen",Karlsruhe,Germany
"Rheinische Schweisswerke Sieglar
Sieglar b/Troisdorf",Troisdorf,Germany
"Aug Bierens Fils
Hoek: Prinsenstr. en Dixmude str.
Turnhout",Diksmuide,Belgium
"Aug Bierens Fils
Hoek: Prinsenstr. en Dixmude str.
Turnhout",Turnhout,Belgium
"Vogtlandische Filztuchfabrik
Weihmüller & Holz
Lengenfeld i. V. (Saxe)
Agt. Louis Lory
55 r. St Joseph II Brussel",Brussels,Belgium
"Nouv. Etablts Regnier. Co
125 rue Ed. Faes Jette Brussel",Rue,France
"Nouv. Etablts Regnier. Co
125 rue Ed. Faes Jette Brussel",Brussels,Belgium
"Engler"""" Maschinenfabriks-Gesellschaft m.b.H.
Klausenburgerstrasse Wien X Ecke Rissaweggasse 14",Vienna,Austria
1o G. A. Krauss Stuttgart,Stuttgart,Germany
"2o Müller & Wetzig Nicolaistrasse 15
Dresden A. 16",Dresden,Germany
"3o Güthe & Thorsch Bärenstrasse 3 & 5
Dresden",Dresden,Germany
"4o Oscar Bohr Ringstrasse 14
Dresden A 1",Dresden,Germany
"5o Okoli Ges. Rudolf Roemer Co
Stadtilm Thür 3",,
"6o A. Konieczny Langgasse 13
Wien XV",Vienna,Austria
"7o Erich Zillmer, Ludwigstr. 13-14, Braunschweig.",Brunswick,Germany
"Alfred Weigel Chemnitz 7.
Spiralfedern Spezialfabrik",,
"Möller & Röckung G.m.b.H. Federnwerk
Hagen (Westf.)",Halle (Westf.),Germany
"Möller & Röckung G.m.b.H. Federnwerk
Hagen (Westf.)",Hagen,Germany
"Alfred F. Bosshardt
15 Schoonzichtstraat Brussel",Brussels,Belgium
Soignies,Soignies,Belgium
Marche,,
Ham sur Heure,Ham,France
Profondeville,,
Marlois,,
Luxembourg,Luxembourg,Luxembourg
Haversin,,
Chaussée de Louvain Vilvorde,La Chaussée,France
Chaussée de Louvain Vilvorde,Leuven,Belgium
Chaussée de Louvain Vilvorde,Vilvoorde,Belgium
Perwelz (Hainaut),,
Manage,,
Merbes le Chateau,Château,France
à Denderleuw,,
Ecaussines,,
Audenaerde,,
Enghien,Enghien,Belgium
"Chaussée de Mons, Anderlecht",La Chaussée,France
"Chaussée de Mons, Anderlecht",Mons,Belgium
"Chaussée de Mons, Anderlecht",Anderlecht,Belgium
2I9 Boulevard du Nord Tournai,Tournai,Belgium
"16 rue de Luneville, Sarrebourg",Rue,France
"16 rue de Luneville, Sarrebourg",Lunéville,France
"16 rue de Luneville, Sarrebourg",Sarrebourg,France
"17 Rue Schweyghoeuser, Strasbourg",Strasbourg,France
"10 rue de la Forêt Noire, Strasbourg",Strasbourg,France
Florange (Moselle),,
"Albert Maquestieau & René J. Dubois
22 Rue Fouquenghien Brussel",Brussels,Belgium
"Alb. Ruprecht. Sohn Favoritenstrasse 25
Wien IV
Vertgw. O. Honhon Blles",,
"Elbe Werke Hermann Haelbig Act. Ges.
Mügelner str. 20",,
"Wilh Lambrecht A. G. Göttingen
Fabrik wissenschaftlicher Instrumente",,
"Fabrique d'Outils de haute precision
P. Roch Rolle Zwitserland
Agent: René Pauly 3 Rue Corneille Blles",René,France
"Franz Wagner A.G.
Crimmitschau i Sa
Vertgw. Paul Seyfarth
Avenue du Castillo 15 Brussel",,
H. Krantz Aachen,Aachen,Germany
"Ed. Schmitt. Cie Düsseldorf
Schliesfach 241",Dusseldorf,Germany
"Victor Bayer Siegburg (Rhl)
Pollux G.m.b.H.
Wassermesser & Armaturenfabrik
Ludwigshafen a/Rh.",Ludwigshafen am Rhein,Germany
"Sté Internationale de Machines
Commerciales
29 Bld Malesherbes
Paris (8e)",Paris,France
"Fonderies de Labuissière Sté An
Labuissière (Henegouwen)",,
"Sté Centrale de la Prodorite
52 Rue du Meridien Brussel",Brussels,Belgium
"Amag Hilpert = Pegnitzhütte
Nürnberg Agt Edgar Jublou
Herstal",Nuremberg,Germany
"Amag Hilpert = Pegnitzhütte
Nürnberg Agt Edgar Jublou
Herstal",Herstal,Belgium
"Eisenwerk Kaiserslautern
Kaiserslautern",Kaiserslautern,Germany
"S.E.M., Procédés Thomson-Houston
54 Chée de Charleroi, Brussel.",Bruxelles - Brussel,Belgium
"Rheinhütte G.m.b.H. vorm
Ludwig Beck & Co
Wiesbaden Biebrich",Wiesbaden,Germany
"Cie des Mines de Bethune
Bully les Mines (Pas de Calais)",Nœux-les-Mines,France
"Nel Boulay. Mohene
Bd des Vignes 10 Marseille
(Capelettes)",Boulay-Moselle,France
"Nel Boulay. Mohene
Bd des Vignes 10 Marseille
(Capelettes)",Marseille,France
"Giannino Giannelli, Figlio
Via Lambertesca 18 Firenze
Derby & Company Ltd Finsbury Sq...
Gold Silver & Platinum London E.C.
Refiners",Florence,Italy
"Lonza Usines électriques et chimiques
Aeschenvorstadt 72 Bâle",Basel,Switzerland
"Horst Wolff G.m.b.H. Leipzig
Georgiring n° 7",,
"Irion & Vosseler Zählerfabrik G.m.b.H.
Schwenningen am Neckar
Württemberg",Schwenningen,Germany
"R. Planche . Cie 5 Route de Frans
Villefranche (Rhone)",Villefranche-d'Astarac,France
"Rollin & Cie Steinbach
Manufacture Alsacienne de Caoutchouc par Cernay (Ht. Rhin)
Agt. Ern. Leser
1 Arenbergstr. Antwerpen",Antwerp,Belgium
"Solvay & Cie Rue du Prince Albert 33
Brussel",Bruxelles - Brussel,Belgium
"Etablissements Alba
7 rue du Bois Asnières (Seine)",,
"Steinle & Hartung Quedlingburg
Sté An. des Moteurs
Ateliers de Construction Schlessin
lez Liège",Liège,Belgium
"Landis & Gyr S.A. Zoug Zwitserland
Vertr. Edm. Lejour 165 Av. des Hortensias
Brussel",Bruxelles - Brussel,Belgium
"Mitchell Camera Corporation
665 North Robertson Boulevard
West Hollywood California",West Hollywood,United States
"Mitchell Camera Corporation
665 North Robertson Boulevard
West Hollywood California",Hollywood,United States
"Taylor Instrument Companies
Rochester N.Y.
Hänni & Cie
Jegenstorf (Bern)
Agt. Parfonry & Lielens
50 Bd Charlemagne
Bxl",City of Rochester,United States
"Taylor Instrument Companies
Rochester N.Y.
Hänni & Cie
Jegenstorf (Bern)
Agt. Parfonry & Lielens
50 Bd Charlemagne
Bxl",Bern,Switzerland
"The Gas Light & Coke Cy
Dauntsey House Frederick's Place
Old Jewry London E.C.2",,
"Cie Belge pr la Fabrication des Compteurs
Gaz Eau & Electricité & Materiel
151 à 155 Rue des Palais Blles",,
"Emil Mühlmann, Viersen
Agt: Eug. Blasberg Blles
81 rue Goffart",,
"La Ouateose Domène (Isère).
Agt. Fernand Hebert
3 rue Cardinal Mercier Parijs",Paris,France
"Chemische Fabrik Buckau
Mannheim Rheinau",Rhinau,France
"Chemische Fabrik Buckau
Mannheim Rheinau",Mannheim,Germany
"Elster & Co Akt. Ges. Mainz
Gasmesserfabrik",Mainz,Germany
"O. E. I. C. 129 Rue Dumaniant
Clermont-Ferrand
Vertgw.
Louis Mourmant
154 Avenue de l'Hippodrome
Brussel",Clermont-Ferrand,France
"O. E. I. C. 129 Rue Dumaniant
Clermont-Ferrand
Vertgw.
Louis Mourmant
154 Avenue de l'Hippodrome
Brussel",Bruxelles - Brussel,Belgium
"Anc. Etablts Mante & Cie
8 Rue Roux de Brignolles Marseille",,
"Kemball Bishop & Co Ltd
Crown Chemical Works
Three Mill Lane Bromley by Bow
London E 3",Greater London,United Kingdom
"W. Sanderson & Sons
(Oates & Bosurgi Suces)
Messina",Messina,Italy
"James A. Sinclair & Co Ltd
3 Whitehall London S. W. 1",Greater London,United Kingdom
"Manufacture de Caoutchouc Industriel
P. Lacollonge 50-52 Cours de la Republique
Villeurbanne lez Lyon
Vertgw. MM. Birenzweig & Co
30 rue Montagne aux Herbes Potagères
Brussels",Lyon,France
"Manufacture de Caoutchouc Industriel
P. Lacollonge 50-52 Cours de la Republique
Villeurbanne lez Lyon
Vertgw. MM. Birenzweig & Co
30 rue Montagne aux Herbes Potagères
Brussels",Rue,France
"Manufacture de Caoutchouc Industriel
P. Lacollonge 50-52 Cours de la Republique
Villeurbanne lez Lyon
Vertgw. MM. Birenzweig & Co
30 rue Montagne aux Herbes Potagères
Brussels",Montagne,France
"Manufacture de Caoutchouc Industriel
P. Lacollonge 50-52 Cours de la Republique
Villeurbanne lez Lyon
Vertgw. MM. Birenzweig & Co
30 rue Montagne aux Herbes Potagères
Brussels",Brussels,Belgium
"A. Blokzijl.
Italiëlei, 209,
Antwerpen.",Antwerp,Belgium
